Transaction_ID,Items
1,"Vada Pav, Tea, Milkshake"
2,"Hot Dog, Veg Burger, Coke, Chocolate Cake"
3,"Ice Cream, Brownie, Sweet Corn"
4,"Pizza, Garlic Bread, Pepsi, Lemon Soda"
5,"Hot Dog, Veg Burger, Coke"
6,"Burger, Fries, Coke"
7,"Ice Cream, Brownie"
8,"Idli, Sambar, Filter Coffee"
9,"Burger, Fries, Coke"
10,"Masala Dosa, Filter Coffee"
11,"Coffee, Brownie, Lemon Soda"
12,"Coffee, Brownie, Soup"
13,"Vada Pav, Tea"
14,"Pav Bhaji, Lassi"
15,"Pizza, Garlic Bread, Pepsi"
16,"Ice Cream, Brownie, Soup"
17,"Biryani, Raita, Gulab Jamun"
18,"Kachori, Jalebi, Tea"
19,"Pav Bhaji, Lassi"
20,"Biryani, Raita, Gulab Jamun, Falooda"
21,"Pasta, Garlic Bread, Coke"
22,"Hot Dog, Veg Burger, Coke"
23,"Chole Bhature, Lassi, Papad"
24,"Masala Dosa, Filter Coffee"
25,"Veg Fried Rice, Spring Roll, Sprite"
26,"Biryani, Raita, Gulab Jamun"
27,"Masala Dosa, Filter Coffee"
28,"Hot Dog, Veg Burger, Coke, Soup"
29,"Sandwich, Cold Coffee"
30,"Ice Cream, Brownie, Pickle"
31,"Pizza, Garlic Bread, Pepsi, Salad"
32,"Coffee, Brownie"
33,"Biryani, Raita, Gulab Jamun, Pickle"
34,"Veg Fried Rice, Spring Roll, Sprite"
35,"Chole Bhature, Lassi"
36,"Idli, Sambar, Filter Coffee, Pastry"
37,"Hot Dog, Veg Burger, Coke"
38,"Ice Cream, Brownie, Sweet Corn"
39,"Rasgulla, Tea"
40,"Hot Dog, Veg Burger, Coke"
41,"Samosa, Tea"
42,"Biryani, Raita, Gulab Jamun"
43,"Vada Pav, Tea, Orange Juice"
44,"Paneer Tikka, Naan, Coke"
45,"Chole Bhature, Lassi"
46,"Idli, Sambar, Filter Coffee"
47,"Ice Cream, Brownie"
48,"Burger, Fries, Coke"
49,"Vada Pav, Tea"
50,"Ice Cream, Brownie"
51,"Coffee, Brownie, Sweet Corn"
52,"Masala Dosa, Filter Coffee"
53,"Sandwich, Cold Coffee"
54,"Masala Dosa, Filter Coffee"
55,"Vada Pav, Tea"
56,"Pasta, Garlic Bread, Coke"
57,"Noodles, Manchurian, Sprite"
58,"Samosa, Tea"
59,"Masala Dosa, Filter Coffee"
60,"Noodles, Manchurian, Sprite"
61,"Kachori, Jalebi, Tea, French Fries"
62,"Vada Pav, Tea"
63,"Pasta, Garlic Bread, Coke, Falooda"
64,"Rasgulla, Tea"
65,"Biryani, Raita, Gulab Jamun"
66,"Biryani, Raita, Gulab Jamun"
67,"Ice Cream, Brownie"
68,"Samosa, Tea"
69,"Ice Cream, Brownie, Fruit Salad"
70,"Kachori, Jalebi, Tea"
71,"Veg Fried Rice, Spring Roll, Sprite"
72,"Veg Fried Rice, Spring Roll, Sprite"
73,"Chole Bhature, Lassi"
74,"Pav Bhaji, Lassi"
75,"Noodles, Manchurian, Sprite"
76,"Hot Dog, Veg Burger, Coke, Pickle"
77,"Burger, Fries, Coke"
78,"Hot Dog, Veg Burger, Coke"
79,"Burger, Fries, Coke, Salad"
80,"Hot Dog, Veg Burger, Coke, Salad"
81,"Coffee, Brownie, Falooda"
82,"Sandwich, Cold Coffee"
83,"Veg Fried Rice, Spring Roll, Sprite"
84,"Rasgulla, Tea"
85,"Hot Dog, Veg Burger, Coke"
86,"Paneer Tikka, Naan, Coke, Chocolate Cake"
87,"Paneer Tikka, Naan, Coke"
88,"Paneer Tikka, Naan, Coke"
89,"Pizza, Garlic Bread, Pepsi"
90,"Vada Pav, Tea, Pickle"
91,"Vada Pav, Tea, Lemon Soda"
92,"Ice Cream, Brownie"
93,"Paneer Tikka, Naan, Coke, Muffin"
94,"Hot Dog, Veg Burger, Coke"
95,"Biryani, Raita, Gulab Jamun"
96,"Ice Cream, Brownie, French Fries"
97,"Biryani, Raita, Gulab Jamun"
98,"Hot Dog, Veg Burger, Coke, Donut"
99,"Momos, Pepsi, Soup"
100,"Pizza, Garlic Bread, Pepsi, French Fries"
101,"Chole Bhature, Lassi, Muffin"
102,"Pasta, Garlic Bread, Coke"
103,"Ice Cream, Brownie"
104,"Momos, Pepsi, Curd"
105,"Veg Fried Rice, Spring Roll, Sprite"
106,"Rasgulla, Tea"
107,"Pizza, Garlic Bread, Pepsi"
108,"Pizza, Garlic Bread, Pepsi, Donut"
109,"Noodles, Manchurian, Sprite"
110,"Noodles, Manchurian, Sprite, Fruit Salad"
111,"Biryani, Raita, Gulab Jamun"
112,"Biryani, Raita, Gulab Jamun"
113,"Hot Dog, Veg Burger, Coke"
114,"Rasgulla, Tea, Salad"
115,"Kachori, Jalebi, Tea, Fruit Salad"
116,"Coffee, Brownie"
117,"Veg Fried Rice, Spring Roll, Sprite"
118,"Coffee, Brownie, Soup"
119,"Samosa, Tea"
120,"Pasta, Garlic Bread, Coke"
121,"Biryani, Raita, Gulab Jamun, Chocolate Cake"
122,"Biryani, Raita, Gulab Jamun"
123,"Noodles, Manchurian, Sprite, Papad"
124,"Biryani, Raita, Gulab Jamun"
125,"Pav Bhaji, Lassi, Muffin"
126,"Ice Cream, Brownie"
127,"Kachori, Jalebi, Tea"
128,"Noodles, Manchurian, Sprite, Curd"
129,"Vada Pav, Tea"
130,"Samosa, Tea, Chocolate Cake"
131,"Ice Cream, Brownie, Curd"
132,"Kachori, Jalebi, Tea, Pickle"
133,"Veg Fried Rice, Spring Roll, Sprite"
134,"Sandwich, Cold Coffee"
135,"Sandwich, Cold Coffee"
136,"Pizza, Garlic Bread, Pepsi, Sweet Corn"
137,"Sandwich, Cold Coffee, Pickle"
138,"Samosa, Tea"
139,"Sandwich, Cold Coffee, Muffin"
140,"Ice Cream, Brownie"
141,"Ice Cream, Brownie, Mineral Water"
142,"Samosa, Tea"
143,"Pav Bhaji, Lassi"
144,"Samosa, Tea"
145,"Pizza, Garlic Bread, Pepsi, Salad"
146,"Pav Bhaji, Lassi, Falooda"
147,"Vada Pav, Tea"
148,"Ice Cream, Brownie"
149,"Paneer Tikka, Naan, Coke"
150,"Samosa, Tea"
151,"Hot Dog, Veg Burger, Coke"
152,"Masala Dosa, Filter Coffee"
153,"Burger, Fries, Coke, Pickle"
154,"Paneer Tikka, Naan, Coke"
155,"Hot Dog, Veg Burger, Coke, Chocolate Cake"
156,"Chole Bhature, Lassi"
157,"Momos, Pepsi, Muffin"
158,"Pav Bhaji, Lassi, Falooda"
159,"Hot Dog, Veg Burger, Coke, Lemon Soda"
160,"Chole Bhature, Lassi, Mineral Water"
161,"Sandwich, Cold Coffee"
162,"Noodles, Manchurian, Sprite"
163,"Ice Cream, Brownie, French Fries"
164,"Vada Pav, Tea"
165,"Sandwich, Cold Coffee, Milkshake"
166,"Pizza, Garlic Bread, Pepsi, Sweet Corn"
167,"Pav Bhaji, Lassi"
168,"Coffee, Brownie"
169,"Noodles, Manchurian, Sprite, Lemon Soda"
170,"Sandwich, Cold Coffee, Sweet Corn"
171,"Burger, Fries, Coke"
172,"Ice Cream, Brownie"
173,"Veg Fried Rice, Spring Roll, Sprite"
174,"Biryani, Raita, Gulab Jamun"
175,"Coffee, Brownie"
176,"Vada Pav, Tea"
177,"Pasta, Garlic Bread, Coke"
178,"Paneer Tikka, Naan, Coke, Curd"
179,"Ice Cream, Brownie, Sweet Corn"
180,"Chole Bhature, Lassi"
181,"Masala Dosa, Filter Coffee"
182,"Pasta, Garlic Bread, Coke"
183,"Burger, Fries, Coke, Lemon Soda"
184,"Paneer Tikka, Naan, Coke"
185,"Kachori, Jalebi, Tea"
186,"Idli, Sambar, Filter Coffee"
187,"Veg Fried Rice, Spring Roll, Sprite"
188,"Masala Dosa, Filter Coffee"
189,"Pasta, Garlic Bread, Coke"
190,"Kachori, Jalebi, Tea, Falooda"
191,"Pasta, Garlic Bread, Coke, Lemon Soda"
192,"Samosa, Tea, Falooda"
193,"Momos, Pepsi"
194,"Biryani, Raita, Gulab Jamun"
195,"Rasgulla, Tea, Soup"
196,"Momos, Pepsi"
197,"Samosa, Tea"
198,"Burger, Fries, Coke"
199,"Vada Pav, Tea"
200,"Hot Dog, Veg Burger, Coke, Fruit Salad"
201,"Idli, Sambar, Filter Coffee, Falooda"
202,"Vada Pav, Tea"
203,"Idli, Sambar, Filter Coffee"
204,"Ice Cream, Brownie"
205,"Idli, Sambar, Filter Coffee"
206,"Noodles, Manchurian, Sprite"
207,"Ice Cream, Brownie"
208,"Masala Dosa, Filter Coffee"
209,"Momos, Pepsi"
210,"Hot Dog, Veg Burger, Coke"
211,"Sandwich, Cold Coffee"
212,"Noodles, Manchurian, Sprite"
213,"Hot Dog, Veg Burger, Coke, Mineral Water"
214,"Pasta, Garlic Bread, Coke, Pickle"
215,"Coffee, Brownie"
216,"Biryani, Raita, Gulab Jamun, Falooda"
217,"Chole Bhature, Lassi"
218,"Veg Fried Rice, Spring Roll, Sprite, Sweet Corn"
219,"Coffee, Brownie"
220,"Paneer Tikka, Naan, Coke, Sweet Corn"
221,"Chole Bhature, Lassi"
222,"Rasgulla, Tea"
223,"Burger, Fries, Coke"
224,"Rasgulla, Tea"
225,"Burger, Fries, Coke"
226,"Pasta, Garlic Bread, Coke"
227,"Paneer Tikka, Naan, Coke"
228,"Ice Cream, Brownie"
229,"Hot Dog, Veg Burger, Coke"
230,"Sandwich, Cold Coffee"
231,"Burger, Fries, Coke"
232,"Chole Bhature, Lassi"
233,"Idli, Sambar, Filter Coffee"
234,"Kachori, Jalebi, Tea"
235,"Chole Bhature, Lassi"
236,"Burger, Fries, Coke, Sweet Corn"
237,"Samosa, Tea"
238,"Masala Dosa, Filter Coffee, Soup"
239,"Coffee, Brownie, Pickle"
240,"Coffee, Brownie"
241,"Chole Bhature, Lassi, Sweet Corn"
242,"Sandwich, Cold Coffee"
243,"Momos, Pepsi, Salad"
244,"Pav Bhaji, Lassi, Mineral Water"
245,"Pizza, Garlic Bread, Pepsi"
246,"Hot Dog, Veg Burger, Coke, French Fries"
247,"Kachori, Jalebi, Tea, Pastry"
248,"Momos, Pepsi"
249,"Rasgulla, Tea"
250,"Idli, Sambar, Filter Coffee"
251,"Pav Bhaji, Lassi, Chocolate Cake"
252,"Masala Dosa, Filter Coffee"
253,"Vada Pav, Tea"
254,"Pasta, Garlic Bread, Coke"
255,"Chole Bhature, Lassi"
256,"Veg Fried Rice, Spring Roll, Sprite, Falooda"
257,"Vada Pav, Tea"
258,"Pasta, Garlic Bread, Coke"
259,"Kachori, Jalebi, Tea"
260,"Rasgulla, Tea"
261,"Pav Bhaji, Lassi"
262,"Pav Bhaji, Lassi, Pickle"
263,"Burger, Fries, Coke"
264,"Momos, Pepsi, Papad"
265,"Idli, Sambar, Filter Coffee"
266,"Paneer Tikka, Naan, Coke, Fruit Salad"
267,"Sandwich, Cold Coffee"
268,"Ice Cream, Brownie"
269,"Idli, Sambar, Filter Coffee"
270,"Rasgulla, Tea, Falooda"
271,"Biryani, Raita, Gulab Jamun, Muffin"
272,"Hot Dog, Veg Burger, Coke"
273,"Rasgulla, Tea"
274,"Chole Bhature, Lassi, Donut"
275,"Coffee, Brownie, Lemon Soda"
276,"Pav Bhaji, Lassi"
277,"Coffee, Brownie, Milkshake"
278,"Ice Cream, Brownie, Lemon Soda"
279,"Biryani, Raita, Gulab Jamun, Sweet Corn"
280,"Momos, Pepsi"
281,"Hot Dog, Veg Burger, Coke"
282,"Momos, Pepsi"
283,"Burger, Fries, Coke, Falooda"
284,"Chole Bhature, Lassi"
285,"Pasta, Garlic Bread, Coke"
286,"Pav Bhaji, Lassi"
287,"Noodles, Manchurian, Sprite, Pickle"
288,"Pav Bhaji, Lassi"
289,"Sandwich, Cold Coffee, Falooda"
290,"Vada Pav, Tea"
291,"Coffee, Brownie, Orange Juice"
292,"Veg Fried Rice, Spring Roll, Sprite, Donut"
293,"Sandwich, Cold Coffee"
294,"Noodles, Manchurian, Sprite"
295,"Vada Pav, Tea"
296,"Pasta, Garlic Bread, Coke, Orange Juice"
297,"Pasta, Garlic Bread, Coke, Pastry"
298,"Sandwich, Cold Coffee, Salad"
299,"Ice Cream, Brownie, Pastry"
300,"Momos, Pepsi, French Fries"
301,"Rasgulla, Tea, Donut"
302,"Idli, Sambar, Filter Coffee, Salad"
303,"Sandwich, Cold Coffee"
304,"Momos, Pepsi, Mineral Water"
305,"Chole Bhature, Lassi"
306,"Rasgulla, Tea"
307,"Pizza, Garlic Bread, Pepsi, Curd"
308,"Biryani, Raita, Gulab Jamun"
309,"Vada Pav, Tea"
310,"Paneer Tikka, Naan, Coke"
311,"Kachori, Jalebi, Tea, Fruit Salad"
312,"Chole Bhature, Lassi"
313,"Idli, Sambar, Filter Coffee, Sweet Corn"
314,"Pasta, Garlic Bread, Coke"
315,"Pizza, Garlic Bread, Pepsi"
316,"Vada Pav, Tea"
317,"Veg Fried Rice, Spring Roll, Sprite"
318,"Sandwich, Cold Coffee"
319,"Masala Dosa, Filter Coffee, Mineral Water"
320,"Masala Dosa, Filter Coffee, Muffin"
321,"Kachori, Jalebi, Tea"
322,"Pizza, Garlic Bread, Pepsi, Curd"
323,"Idli, Sambar, Filter Coffee, Falooda"
324,"Sandwich, Cold Coffee"
325,"Rasgulla, Tea"
326,"Veg Fried Rice, Spring Roll, Sprite"
327,"Ice Cream, Brownie, Pastry"
328,"Sandwich, Cold Coffee"
329,"Biryani, Raita, Gulab Jamun, Curd"
330,"Kachori, Jalebi, Tea"
331,"Rasgulla, Tea"
332,"Idli, Sambar, Filter Coffee, Curd"
333,"Chole Bhature, Lassi"
334,"Noodles, Manchurian, Sprite"
335,"Idli, Sambar, Filter Coffee, Salad"
336,"Paneer Tikka, Naan, Coke"
337,"Kachori, Jalebi, Tea, Mineral Water"
338,"Hot Dog, Veg Burger, Coke"
339,"Rasgulla, Tea"
340,"Burger, Fries, Coke"
341,"Sandwich, Cold Coffee"
342,"Masala Dosa, Filter Coffee"
343,"Idli, Sambar, Filter Coffee"
344,"Masala Dosa, Filter Coffee"
345,"Paneer Tikka, Naan, Coke"
346,"Momos, Pepsi"
347,"Momos, Pepsi, Pickle"
348,"Coffee, Brownie"
349,"Masala Dosa, Filter Coffee, Donut"
350,"Pasta, Garlic Bread, Coke"
351,"Chole Bhature, Lassi"
352,"Ice Cream, Brownie, Mineral Water"
353,"Coffee, Brownie, Chocolate Cake"
354,"Chole Bhature, Lassi"
355,"Burger, Fries, Coke"
356,"Ice Cream, Brownie"
357,"Pizza, Garlic Bread, Pepsi, Papad"
358,"Kachori, Jalebi, Tea"
359,"Idli, Sambar, Filter Coffee"
360,"Veg Fried Rice, Spring Roll, Sprite, Pastry"
361,"Pasta, Garlic Bread, Coke"
362,"Momos, Pepsi, Falooda"
363,"Masala Dosa, Filter Coffee, French Fries"
364,"Ice Cream, Brownie"
365,"Hot Dog, Veg Burger, Coke"
366,"Vada Pav, Tea"
367,"Vada Pav, Tea"
368,"Samosa, Tea"
369,"Pasta, Garlic Bread, Coke"
370,"Sandwich, Cold Coffee"
371,"Momos, Pepsi"
372,"Hot Dog, Veg Burger, Coke"
373,"Samosa, Tea"
374,"Kachori, Jalebi, Tea"
375,"Samosa, Tea"
376,"Sandwich, Cold Coffee"
377,"Paneer Tikka, Naan, Coke, Fruit Salad"
378,"Sandwich, Cold Coffee"
379,"Pasta, Garlic Bread, Coke"
380,"Rasgulla, Tea"
381,"Momos, Pepsi"
382,"Idli, Sambar, Filter Coffee"
383,"Pav Bhaji, Lassi, Soup"
384,"Idli, Sambar, Filter Coffee"
385,"Veg Fried Rice, Spring Roll, Sprite"
386,"Hot Dog, Veg Burger, Coke"
387,"Hot Dog, Veg Burger, Coke"
388,"Paneer Tikka, Naan, Coke, Donut"
389,"Chole Bhature, Lassi"
390,"Samosa, Tea"
391,"Pizza, Garlic Bread, Pepsi, Pickle"
392,"Vada Pav, Tea"
393,"Idli, Sambar, Filter Coffee, Muffin"
394,"Burger, Fries, Coke"
395,"Paneer Tikka, Naan, Coke"
396,"Samosa, Tea, Milkshake"
397,"Coffee, Brownie"
398,"Chole Bhature, Lassi"
399,"Coffee, Brownie"
400,"Ice Cream, Brownie"
401,"Coffee, Brownie"
402,"Momos, Pepsi"
403,"Pizza, Garlic Bread, Pepsi"
404,"Hot Dog, Veg Burger, Coke"
405,"Pasta, Garlic Bread, Coke"
406,"Biryani, Raita, Gulab Jamun"
407,"Vada Pav, Tea"
408,"Vada Pav, Tea"
409,"Pasta, Garlic Bread, Coke"
410,"Pizza, Garlic Bread, Pepsi, Salad"
411,"Pasta, Garlic Bread, Coke"
412,"Paneer Tikka, Naan, Coke, Fruit Salad"
413,"Paneer Tikka, Naan, Coke"
414,"Masala Dosa, Filter Coffee, Mineral Water"
415,"Kachori, Jalebi, Tea"
416,"Kachori, Jalebi, Tea"
417,"Momos, Pepsi"
418,"Samosa, Tea, Milkshake"
419,"Idli, Sambar, Filter Coffee, French Fries"
420,"Idli, Sambar, Filter Coffee"
421,"Ice Cream, Brownie, Muffin"
422,"Pav Bhaji, Lassi"
423,"Pasta, Garlic Bread, Coke"
424,"Paneer Tikka, Naan, Coke"
425,"Idli, Sambar, Filter Coffee"
426,"Veg Fried Rice, Spring Roll, Sprite"
427,"Momos, Pepsi, Soup"
428,"Rasgulla, Tea"
429,"Pasta, Garlic Bread, Coke"
430,"Pasta, Garlic Bread, Coke, Soup"
431,"Sandwich, Cold Coffee, Salad"
432,"Kachori, Jalebi, Tea"
433,"Pasta, Garlic Bread, Coke"
434,"Hot Dog, Veg Burger, Coke"
435,"Pav Bhaji, Lassi, Lemon Soda"
436,"Kachori, Jalebi, Tea, Pastry"
437,"Vada Pav, Tea"
438,"Pizza, Garlic Bread, Pepsi, Muffin"
439,"Pizza, Garlic Bread, Pepsi"
440,"Samosa, Tea, Curd"
441,"Coffee, Brownie"
442,"Masala Dosa, Filter Coffee, Papad"
443,"Noodles, Manchurian, Sprite"
444,"Sandwich, Cold Coffee"
445,"Sandwich, Cold Coffee"
446,"Momos, Pepsi"
447,"Pasta, Garlic Bread, Coke"
448,"Coffee, Brownie"
449,"Idli, Sambar, Filter Coffee"
450,"Samosa, Tea"
451,"Hot Dog, Veg Burger, Coke"
452,"Chole Bhature, Lassi"
453,"Ice Cream, Brownie"
454,"Chole Bhature, Lassi, Chocolate Cake"
455,"Idli, Sambar, Filter Coffee"
456,"Sandwich, Cold Coffee"
457,"Pav Bhaji, Lassi, Falooda"
458,"Momos, Pepsi, Pickle"
459,"Kachori, Jalebi, Tea, Mineral Water"
460,"Idli, Sambar, Filter Coffee"
461,"Pasta, Garlic Bread, Coke"
462,"Vada Pav, Tea, Salad"
463,"Pasta, Garlic Bread, Coke"
464,"Vada Pav, Tea, Pastry"
465,"Chole Bhature, Lassi"
466,"Ice Cream, Brownie"
467,"Samosa, Tea"
468,"Vada Pav, Tea"
469,"Kachori, Jalebi, Tea"
470,"Sandwich, Cold Coffee, Papad"
471,"Veg Fried Rice, Spring Roll, Sprite"
472,"Hot Dog, Veg Burger, Coke"
473,"Vada Pav, Tea"
474,"Pav Bhaji, Lassi"
475,"Pav Bhaji, Lassi, Milkshake"
476,"Veg Fried Rice, Spring Roll, Sprite"
477,"Idli, Sambar, Filter Coffee, Lemon Soda"
478,"Kachori, Jalebi, Tea"
479,"Pizza, Garlic Bread, Pepsi"
480,"Hot Dog, Veg Burger, Coke"
481,"Rasgulla, Tea, Lemon Soda"
482,"Rasgulla, Tea, Falooda"
483,"Coffee, Brownie"
484,"Kachori, Jalebi, Tea, Pastry"
485,"Samosa, Tea"
486,"Masala Dosa, Filter Coffee, French Fries"
487,"Samosa, Tea, Falooda"
488,"Rasgulla, Tea, Orange Juice"
489,"Sandwich, Cold Coffee, Sweet Corn"
490,"Noodles, Manchurian, Sprite, Mineral Water"
491,"Momos, Pepsi"
492,"Pav Bhaji, Lassi"
493,"Vada Pav, Tea"
494,"Hot Dog, Veg Burger, Coke"
495,"Pizza, Garlic Bread, Pepsi"
496,"Noodles, Manchurian, Sprite, French Fries"
497,"Pizza, Garlic Bread, Pepsi"
498,"Chole Bhature, Lassi"
499,"Vada Pav, Tea"
500,"Idli, Sambar, Filter Coffee, Mineral Water"
501,"Coffee, Brownie"
502,"Biryani, Raita, Gulab Jamun, Pickle"
503,"Chole Bhature, Lassi"
504,"Noodles, Manchurian, Sprite, Fruit Salad"
505,"Kachori, Jalebi, Tea"
506,"Vada Pav, Tea"
507,"Ice Cream, Brownie"
508,"Veg Fried Rice, Spring Roll, Sprite"
509,"Hot Dog, Veg Burger, Coke"
510,"Idli, Sambar, Filter Coffee"
511,"Vada Pav, Tea, Pickle"
512,"Sandwich, Cold Coffee"
513,"Samosa, Tea"
514,"Momos, Pepsi, Mineral Water"
515,"Biryani, Raita, Gulab Jamun"
516,"Pav Bhaji, Lassi"
517,"Ice Cream, Brownie, Pickle"
518,"Vada Pav, Tea"
519,"Paneer Tikka, Naan, Coke"
520,"Pizza, Garlic Bread, Pepsi"
521,"Kachori, Jalebi, Tea, Chocolate Cake"
522,"Rasgulla, Tea"
523,"Samosa, Tea"
524,"Hot Dog, Veg Burger, Coke"
525,"Pav Bhaji, Lassi"
526,"Pav Bhaji, Lassi, Milkshake"
527,"Rasgulla, Tea, Sweet Corn"
528,"Ice Cream, Brownie"
529,"Kachori, Jalebi, Tea"
530,"Ice Cream, Brownie, Milkshake"
531,"Burger, Fries, Coke, Curd"
532,"Coffee, Brownie"
533,"Masala Dosa, Filter Coffee"
534,"Rasgulla, Tea"
535,"Biryani, Raita, Gulab Jamun, French Fries"
536,"Biryani, Raita, Gulab Jamun"
537,"Veg Fried Rice, Spring Roll, Sprite"
538,"Idli, Sambar, Filter Coffee, Papad"
539,"Pasta, Garlic Bread, Coke"
540,"Rasgulla, Tea"
541,"Pizza, Garlic Bread, Pepsi, Salad"
542,"Biryani, Raita, Gulab Jamun, Sweet Corn"
543,"Momos, Pepsi"
544,"Paneer Tikka, Naan, Coke, Fruit Salad"
545,"Vada Pav, Tea, Chocolate Cake"
546,"Pasta, Garlic Bread, Coke"
547,"Rasgulla, Tea"
548,"Pasta, Garlic Bread, Coke, Soup"
549,"Kachori, Jalebi, Tea, Lemon Soda"
550,"Pasta, Garlic Bread, Coke"
551,"Samosa, Tea"
552,"Pasta, Garlic Bread, Coke, French Fries"
553,"Momos, Pepsi"
554,"Masala Dosa, Filter Coffee, Falooda"
555,"Noodles, Manchurian, Sprite"
556,"Pav Bhaji, Lassi, Salad"
557,"Paneer Tikka, Naan, Coke, Mineral Water"
558,"Coffee, Brownie"
559,"Rasgulla, Tea"
560,"Paneer Tikka, Naan, Coke, Soup"
561,"Burger, Fries, Coke"
562,"Masala Dosa, Filter Coffee"
563,"Kachori, Jalebi, Tea"
564,"Pav Bhaji, Lassi, Chocolate Cake"
565,"Hot Dog, Veg Burger, Coke"
566,"Chole Bhature, Lassi"
567,"Chole Bhature, Lassi"
568,"Coffee, Brownie, Orange Juice"
569,"Biryani, Raita, Gulab Jamun"
570,"Vada Pav, Tea"
571,"Veg Fried Rice, Spring Roll, Sprite"
572,"Pav Bhaji, Lassi"
573,"Samosa, Tea, Pastry"
574,"Sandwich, Cold Coffee, Pastry"
575,"Biryani, Raita, Gulab Jamun, Donut"
576,"Idli, Sambar, Filter Coffee"
577,"Rasgulla, Tea"
578,"Rasgulla, Tea"
579,"Kachori, Jalebi, Tea, Pickle"
580,"Samosa, Tea"
581,"Momos, Pepsi"
582,"Pasta, Garlic Bread, Coke"
583,"Rasgulla, Tea, Fruit Salad"
584,"Biryani, Raita, Gulab Jamun, Muffin"
585,"Pizza, Garlic Bread, Pepsi, Curd"
586,"Biryani, Raita, Gulab Jamun"
587,"Biryani, Raita, Gulab Jamun"
588,"Noodles, Manchurian, Sprite"
589,"Rasgulla, Tea"
590,"Pizza, Garlic Bread, Pepsi"
591,"Rasgulla, Tea"
592,"Coffee, Brownie"
593,"Noodles, Manchurian, Sprite, Salad"
594,"Idli, Sambar, Filter Coffee, Pickle"
595,"Biryani, Raita, Gulab Jamun"
596,"Masala Dosa, Filter Coffee, Muffin"
597,"Idli, Sambar, Filter Coffee"
598,"Kachori, Jalebi, Tea, Papad"
599,"Pasta, Garlic Bread, Coke"
600,"Coffee, Brownie"
601,"Pizza, Garlic Bread, Pepsi"
602,"Coffee, Brownie, Chocolate Cake"
603,"Ice Cream, Brownie"
604,"Pasta, Garlic Bread, Coke, Pastry"
605,"Coffee, Brownie, Pastry"
606,"Pav Bhaji, Lassi, Soup"
607,"Samosa, Tea"
608,"Biryani, Raita, Gulab Jamun, Soup"
609,"Coffee, Brownie"
610,"Noodles, Manchurian, Sprite, Sweet Corn"
611,"Noodles, Manchurian, Sprite"
612,"Pav Bhaji, Lassi, Lemon Soda"
613,"Coffee, Brownie"
614,"Momos, Pepsi, Pastry"
615,"Samosa, Tea, Chocolate Cake"
616,"Noodles, Manchurian, Sprite"
617,"Noodles, Manchurian, Sprite, Pickle"
618,"Kachori, Jalebi, Tea, Soup"
619,"Samosa, Tea, Orange Juice"
620,"Idli, Sambar, Filter Coffee, Papad"
621,"Hot Dog, Veg Burger, Coke"
622,"Kachori, Jalebi, Tea, Muffin"
623,"Hot Dog, Veg Burger, Coke"
624,"Pasta, Garlic Bread, Coke"
625,"Momos, Pepsi"
626,"Veg Fried Rice, Spring Roll, Sprite"
627,"Rasgulla, Tea"
628,"Idli, Sambar, Filter Coffee"
629,"Chole Bhature, Lassi"
630,"Paneer Tikka, Naan, Coke"
631,"Veg Fried Rice, Spring Roll, Sprite"
632,"Samosa, Tea"
633,"Pizza, Garlic Bread, Pepsi"
634,"Pav Bhaji, Lassi"
635,"Vada Pav, Tea"
636,"Noodles, Manchurian, Sprite"
637,"Pasta, Garlic Bread, Coke, Orange Juice"
638,"Sandwich, Cold Coffee"
639,"Noodles, Manchurian, Sprite, Sweet Corn"
640,"Biryani, Raita, Gulab Jamun"
641,"Hot Dog, Veg Burger, Coke"
642,"Pav Bhaji, Lassi"
643,"Paneer Tikka, Naan, Coke, Fruit Salad"
644,"Pav Bhaji, Lassi, Mineral Water"
645,"Pav Bhaji, Lassi, Pickle"
646,"Vada Pav, Tea"
647,"Coffee, Brownie"
648,"Samosa, Tea, Donut"
649,"Samosa, Tea"
650,"Momos, Pepsi"
651,"Burger, Fries, Coke"
652,"Burger, Fries, Coke, Pastry"
653,"Ice Cream, Brownie"
654,"Kachori, Jalebi, Tea"
655,"Vada Pav, Tea"
656,"Hot Dog, Veg Burger, Coke, Salad"
657,"Hot Dog, Veg Burger, Coke"
658,"Kachori, Jalebi, Tea"
659,"Vada Pav, Tea"
660,"Momos, Pepsi"
661,"Burger, Fries, Coke"
662,"Rasgulla, Tea, Pastry"
663,"Pasta, Garlic Bread, Coke"
664,"Kachori, Jalebi, Tea"
665,"Rasgulla, Tea"
666,"Biryani, Raita, Gulab Jamun"
667,"Pav Bhaji, Lassi, Fruit Salad"
668,"Ice Cream, Brownie"
669,"Noodles, Manchurian, Sprite"
670,"Chole Bhature, Lassi"
671,"Pizza, Garlic Bread, Pepsi"
672,"Pav Bhaji, Lassi, French Fries"
673,"Pav Bhaji, Lassi"
674,"Pav Bhaji, Lassi, Chocolate Cake"
675,"Rasgulla, Tea"
676,"Coffee, Brownie, Papad"
677,"Ice Cream, Brownie, Orange Juice"
678,"Idli, Sambar, Filter Coffee"
679,"Momos, Pepsi"
680,"Samosa, Tea, Muffin"
681,"Pizza, Garlic Bread, Pepsi, Salad"
682,"Veg Fried Rice, Spring Roll, Sprite"
683,"Coffee, Brownie"
684,"Noodles, Manchurian, Sprite"
685,"Ice Cream, Brownie"
686,"Pizza, Garlic Bread, Pepsi"
687,"Veg Fried Rice, Spring Roll, Sprite, Salad"
688,"Coffee, Brownie, Papad"
689,"Paneer Tikka, Naan, Coke"
690,"Idli, Sambar, Filter Coffee"
691,"Chole Bhature, Lassi, Orange Juice"
692,"Momos, Pepsi"
693,"Pav Bhaji, Lassi"
694,"Noodles, Manchurian, Sprite, Mineral Water"
695,"Paneer Tikka, Naan, Coke, Orange Juice"
696,"Ice Cream, Brownie, Chocolate Cake"
697,"Biryani, Raita, Gulab Jamun, Curd"
698,"Pasta, Garlic Bread, Coke"
699,"Paneer Tikka, Naan, Coke, Muffin"
700,"Pav Bhaji, Lassi"
701,"Pav Bhaji, Lassi"
702,"Paneer Tikka, Naan, Coke, Salad"
703,"Biryani, Raita, Gulab Jamun"
704,"Chole Bhature, Lassi"
705,"Masala Dosa, Filter Coffee"
706,"Samosa, Tea"
707,"Idli, Sambar, Filter Coffee, Mineral Water"
708,"Hot Dog, Veg Burger, Coke"
709,"Pav Bhaji, Lassi"
710,"Rasgulla, Tea, Pastry"
711,"Idli, Sambar, Filter Coffee"
712,"Pav Bhaji, Lassi"
713,"Biryani, Raita, Gulab Jamun"
714,"Noodles, Manchurian, Sprite"
715,"Coffee, Brownie"
716,"Hot Dog, Veg Burger, Coke"
717,"Burger, Fries, Coke"
718,"Momos, Pepsi"
719,"Ice Cream, Brownie, Milkshake"
720,"Idli, Sambar, Filter Coffee, Curd"
721,"Momos, Pepsi, Pastry"
722,"Biryani, Raita, Gulab Jamun"
723,"Idli, Sambar, Filter Coffee"
724,"Coffee, Brownie"
725,"Biryani, Raita, Gulab Jamun"
726,"Pasta, Garlic Bread, Coke"
727,"Masala Dosa, Filter Coffee"
728,"Masala Dosa, Filter Coffee"
729,"Noodles, Manchurian, Sprite, Lemon Soda"
730,"Samosa, Tea, Donut"
731,"Burger, Fries, Coke"
732,"Rasgulla, Tea"
733,"Ice Cream, Brownie, Mineral Water"
734,"Biryani, Raita, Gulab Jamun, Donut"
735,"Noodles, Manchurian, Sprite"
736,"Paneer Tikka, Naan, Coke"
737,"Biryani, Raita, Gulab Jamun, Pickle"
738,"Biryani, Raita, Gulab Jamun"
739,"Noodles, Manchurian, Sprite, Orange Juice"
740,"Samosa, Tea"
741,"Pizza, Garlic Bread, Pepsi"
742,"Noodles, Manchurian, Sprite, Orange Juice"
743,"Masala Dosa, Filter Coffee, Falooda"
744,"Pav Bhaji, Lassi"
745,"Noodles, Manchurian, Sprite"
746,"Biryani, Raita, Gulab Jamun, Milkshake"
747,"Samosa, Tea"
748,"Kachori, Jalebi, Tea"
749,"Noodles, Manchurian, Sprite"
750,"Rasgulla, Tea"
751,"Samosa, Tea, Pickle"
752,"Rasgulla, Tea, French Fries"
753,"Biryani, Raita, Gulab Jamun, Milkshake"
754,"Veg Fried Rice, Spring Roll, Sprite"
755,"Paneer Tikka, Naan, Coke"
756,"Burger, Fries, Coke"
757,"Ice Cream, Brownie, Curd"
758,"Momos, Pepsi, Soup"
759,"Pasta, Garlic Bread, Coke"
760,"Pizza, Garlic Bread, Pepsi, Sweet Corn"
761,"Momos, Pepsi"
762,"Coffee, Brownie"
763,"Coffee, Brownie"
764,"Coffee, Brownie"
765,"Pav Bhaji, Lassi"
766,"Samosa, Tea"
767,"Noodles, Manchurian, Sprite"
768,"Coffee, Brownie, Chocolate Cake"
769,"Sandwich, Cold Coffee"
770,"Samosa, Tea, Curd"
771,"Chole Bhature, Lassi"
772,"Paneer Tikka, Naan, Coke, Orange Juice"
773,"Coffee, Brownie"
774,"Coffee, Brownie, Orange Juice"
775,"Momos, Pepsi"
776,"Idli, Sambar, Filter Coffee"
777,"Pasta, Garlic Bread, Coke"
778,"Biryani, Raita, Gulab Jamun"
779,"Noodles, Manchurian, Sprite"
780,"Hot Dog, Veg Burger, Coke, Papad"
781,"Pizza, Garlic Bread, Pepsi, Donut"
782,"Kachori, Jalebi, Tea"
783,"Momos, Pepsi, French Fries"
784,"Vada Pav, Tea"
785,"Sandwich, Cold Coffee"
786,"Chole Bhature, Lassi"
787,"Chole Bhature, Lassi, Lemon Soda"
788,"Pav Bhaji, Lassi"
789,"Biryani, Raita, Gulab Jamun"
790,"Idli, Sambar, Filter Coffee"
791,"Sandwich, Cold Coffee"
792,"Kachori, Jalebi, Tea"
793,"Vada Pav, Tea, Chocolate Cake"
794,"Chole Bhature, Lassi"
795,"Coffee, Brownie"
796,"Pav Bhaji, Lassi"
797,"Veg Fried Rice, Spring Roll, Sprite"
798,"Chole Bhature, Lassi"
799,"Pizza, Garlic Bread, Pepsi, Pickle"
800,"Momos, Pepsi"
801,"Samosa, Tea"
802,"Noodles, Manchurian, Sprite, Pickle"
803,"Masala Dosa, Filter Coffee"
804,"Kachori, Jalebi, Tea"
805,"Pasta, Garlic Bread, Coke"
806,"Noodles, Manchurian, Sprite"
807,"Ice Cream, Brownie"
808,"Rasgulla, Tea, French Fries"
809,"Pav Bhaji, Lassi, Chocolate Cake"
810,"Paneer Tikka, Naan, Coke"
811,"Burger, Fries, Coke"
812,"Sandwich, Cold Coffee"
813,"Rasgulla, Tea"
814,"Pizza, Garlic Bread, Pepsi"
815,"Masala Dosa, Filter Coffee"
816,"Kachori, Jalebi, Tea"
817,"Chole Bhature, Lassi, Falooda"
818,"Pizza, Garlic Bread, Pepsi"
819,"Vada Pav, Tea, Muffin"
820,"Coffee, Brownie"
821,"Paneer Tikka, Naan, Coke"
822,"Paneer Tikka, Naan, Coke"
823,"Kachori, Jalebi, Tea"
824,"Pizza, Garlic Bread, Pepsi"
825,"Noodles, Manchurian, Sprite, Pickle"
826,"Momos, Pepsi"
827,"Coffee, Brownie"
828,"Idli, Sambar, Filter Coffee"
829,"Coffee, Brownie"
830,"Sandwich, Cold Coffee"
831,"Veg Fried Rice, Spring Roll, Sprite"
832,"Sandwich, Cold Coffee"
833,"Hot Dog, Veg Burger, Coke"
834,"Pasta, Garlic Bread, Coke"
835,"Veg Fried Rice, Spring Roll, Sprite"
836,"Momos, Pepsi, Papad"
837,"Ice Cream, Brownie"
838,"Sandwich, Cold Coffee, Soup"
839,"Chole Bhature, Lassi"
840,"Samosa, Tea, Curd"
841,"Biryani, Raita, Gulab Jamun, Muffin"
842,"Sandwich, Cold Coffee"
843,"Veg Fried Rice, Spring Roll, Sprite, Milkshake"
844,"Ice Cream, Brownie"
845,"Samosa, Tea, Falooda"
846,"Hot Dog, Veg Burger, Coke, Fruit Salad"
847,"Hot Dog, Veg Burger, Coke"
848,"Pizza, Garlic Bread, Pepsi, Pickle"
849,"Momos, Pepsi, Pastry"
850,"Burger, Fries, Coke"
851,"Masala Dosa, Filter Coffee"
852,"Momos, Pepsi"
853,"Veg Fried Rice, Spring Roll, Sprite"
854,"Pasta, Garlic Bread, Coke, Salad"
855,"Biryani, Raita, Gulab Jamun"
856,"Hot Dog, Veg Burger, Coke"
857,"Pizza, Garlic Bread, Pepsi"
858,"Masala Dosa, Filter Coffee"
859,"Masala Dosa, Filter Coffee"
860,"Pizza, Garlic Bread, Pepsi"
861,"Chole Bhature, Lassi"
862,"Masala Dosa, Filter Coffee"
863,"Pasta, Garlic Bread, Coke"
864,"Burger, Fries, Coke, Chocolate Cake"
865,"Coffee, Brownie, Fruit Salad"
866,"Momos, Pepsi"
867,"Samosa, Tea"
868,"Idli, Sambar, Filter Coffee, Chocolate Cake"
869,"Coffee, Brownie, Muffin"
870,"Sandwich, Cold Coffee"
871,"Burger, Fries, Coke"
872,"Pasta, Garlic Bread, Coke"
873,"Veg Fried Rice, Spring Roll, Sprite, Soup"
874,"Paneer Tikka, Naan, Coke"
875,"Biryani, Raita, Gulab Jamun"
876,"Vada Pav, Tea, Pastry"
877,"Momos, Pepsi, Falooda"
878,"Burger, Fries, Coke, Falooda"
879,"Idli, Sambar, Filter Coffee"
880,"Coffee, Brownie, French Fries"
881,"Sandwich, Cold Coffee"
882,"Hot Dog, Veg Burger, Coke, Chocolate Cake"
883,"Idli, Sambar, Filter Coffee, Soup"
884,"Noodles, Manchurian, Sprite"
885,"Pasta, Garlic Bread, Coke"
886,"Pasta, Garlic Bread, Coke"
887,"Hot Dog, Veg Burger, Coke, Pastry"
888,"Momos, Pepsi, Papad"
889,"Paneer Tikka, Naan, Coke"
890,"Momos, Pepsi"
891,"Veg Fried Rice, Spring Roll, Sprite"
892,"Kachori, Jalebi, Tea"
893,"Biryani, Raita, Gulab Jamun"
894,"Noodles, Manchurian, Sprite"
895,"Biryani, Raita, Gulab Jamun"
896,"Vada Pav, Tea, Fruit Salad"
897,"Veg Fried Rice, Spring Roll, Sprite"
898,"Samosa, Tea, Fruit Salad"
899,"Idli, Sambar, Filter Coffee, Lemon Soda"
900,"Rasgulla, Tea"
901,"Noodles, Manchurian, Sprite"
902,"Pizza, Garlic Bread, Pepsi"
903,"Noodles, Manchurian, Sprite"
904,"Rasgulla, Tea, Muffin"
905,"Pasta, Garlic Bread, Coke"
906,"Chole Bhature, Lassi, French Fries"
907,"Veg Fried Rice, Spring Roll, Sprite"
908,"Pizza, Garlic Bread, Pepsi"
909,"Biryani, Raita, Gulab Jamun"
910,"Pizza, Garlic Bread, Pepsi"
911,"Biryani, Raita, Gulab Jamun"
912,"Momos, Pepsi, Sweet Corn"
913,"Masala Dosa, Filter Coffee"
914,"Paneer Tikka, Naan, Coke"
915,"Chole Bhature, Lassi"
916,"Chole Bhature, Lassi"
917,"Ice Cream, Brownie, Papad"
918,"Vada Pav, Tea, Soup"
919,"Noodles, Manchurian, Sprite, Falooda"
920,"Burger, Fries, Coke"
921,"Pasta, Garlic Bread, Coke"
922,"Ice Cream, Brownie"
923,"Chole Bhature, Lassi"
924,"Hot Dog, Veg Burger, Coke"
925,"Samosa, Tea, Chocolate Cake"
926,"Pizza, Garlic Bread, Pepsi"
927,"Paneer Tikka, Naan, Coke"
928,"Burger, Fries, Coke, Mineral Water"
929,"Vada Pav, Tea"
930,"Idli, Sambar, Filter Coffee"
931,"Pizza, Garlic Bread, Pepsi, Salad"
932,"Chole Bhature, Lassi"
933,"Ice Cream, Brownie, Salad"
934,"Samosa, Tea"
935,"Pasta, Garlic Bread, Coke, Pickle"
936,"Rasgulla, Tea"
937,"Coffee, Brownie, Pastry"
938,"Noodles, Manchurian, Sprite, Curd"
939,"Sandwich, Cold Coffee, Orange Juice"
940,"Paneer Tikka, Naan, Coke"
941,"Pizza, Garlic Bread, Pepsi"
942,"Chole Bhature, Lassi"
943,"Coffee, Brownie"
944,"Paneer Tikka, Naan, Coke, Soup"
945,"Masala Dosa, Filter Coffee"
946,"Momos, Pepsi, Falooda"
947,"Pasta, Garlic Bread, Coke"
948,"Samosa, Tea"
949,"Pizza, Garlic Bread, Pepsi"
950,"Paneer Tikka, Naan, Coke"
951,"Samosa, Tea"
952,"Sandwich, Cold Coffee, Mineral Water"
953,"Idli, Sambar, Filter Coffee"
954,"Biryani, Raita, Gulab Jamun"
955,"Veg Fried Rice, Spring Roll, Sprite, Soup"
956,"Kachori, Jalebi, Tea"
957,"Biryani, Raita, Gulab Jamun, Lemon Soda"
958,"Momos, Pepsi, Pickle"
959,"Pasta, Garlic Bread, Coke"
960,"Burger, Fries, Coke, Lemon Soda"
961,"Vada Pav, Tea"
962,"Momos, Pepsi"
963,"Kachori, Jalebi, Tea"
964,"Chole Bhature, Lassi"
965,"Ice Cream, Brownie, Curd"
966,"Chole Bhature, Lassi"
967,"Pav Bhaji, Lassi, Papad"
968,"Noodles, Manchurian, Sprite"
969,"Idli, Sambar, Filter Coffee, Donut"
970,"Coffee, Brownie"
971,"Pav Bhaji, Lassi, Salad"
972,"Rasgulla, Tea"
973,"Samosa, Tea, Sweet Corn"
974,"Pasta, Garlic Bread, Coke, Pickle"
975,"Hot Dog, Veg Burger, Coke"
976,"Hot Dog, Veg Burger, Coke"
977,"Coffee, Brownie, Donut"
978,"Momos, Pepsi"
979,"Pav Bhaji, Lassi, Donut"
980,"Masala Dosa, Filter Coffee"
981,"Ice Cream, Brownie"
982,"Pizza, Garlic Bread, Pepsi"
983,"Biryani, Raita, Gulab Jamun"
984,"Pizza, Garlic Bread, Pepsi"
985,"Paneer Tikka, Naan, Coke, Falooda"
986,"Biryani, Raita, Gulab Jamun"
987,"Burger, Fries, Coke, Muffin"
988,"Pav Bhaji, Lassi, Donut"
989,"Momos, Pepsi, Sweet Corn"
990,"Burger, Fries, Coke, Milkshake"
991,"Ice Cream, Brownie"
992,"Burger, Fries, Coke"
993,"Paneer Tikka, Naan, Coke"
994,"Masala Dosa, Filter Coffee, Chocolate Cake"
995,"Noodles, Manchurian, Sprite, Lemon Soda"
996,"Kachori, Jalebi, Tea"
997,"Pav Bhaji, Lassi, Soup"
998,"Biryani, Raita, Gulab Jamun"
999,"Chole Bhature, Lassi"
1000,"Hot Dog, Veg Burger, Coke"
1001,"Hot Dog, Veg Burger, Coke, Mineral Water"
1002,"Pizza, Garlic Bread, Pepsi, Soup"
1003,"Chole Bhature, Lassi"
1004,"Pizza, Garlic Bread, Pepsi"
1005,"Masala Dosa, Filter Coffee, Sweet Corn"
1006,"Coffee, Brownie"
1007,"Vada Pav, Tea"
1008,"Pizza, Garlic Bread, Pepsi, Donut"
1009,"Sandwich, Cold Coffee, Mineral Water"
1010,"Sandwich, Cold Coffee"
1011,"Rasgulla, Tea"
1012,"Masala Dosa, Filter Coffee"
1013,"Coffee, Brownie, Lemon Soda"
1014,"Rasgulla, Tea, Soup"
1015,"Biryani, Raita, Gulab Jamun, Falooda"
1016,"Rasgulla, Tea"
1017,"Chole Bhature, Lassi"
1018,"Ice Cream, Brownie, Pastry"
1019,"Biryani, Raita, Gulab Jamun"
1020,"Pav Bhaji, Lassi, Sweet Corn"
1021,"Hot Dog, Veg Burger, Coke"
1022,"Coffee, Brownie"
1023,"Kachori, Jalebi, Tea"
1024,"Chole Bhature, Lassi"
1025,"Coffee, Brownie, Milkshake"
1026,"Idli, Sambar, Filter Coffee"
1027,"Pav Bhaji, Lassi"
1028,"Chole Bhature, Lassi"
1029,"Rasgulla, Tea"
1030,"Biryani, Raita, Gulab Jamun"
1031,"Pasta, Garlic Bread, Coke"
1032,"Biryani, Raita, Gulab Jamun, Pastry"
1033,"Chole Bhature, Lassi"
1034,"Samosa, Tea"
1035,"Coffee, Brownie"
1036,"Biryani, Raita, Gulab Jamun, Curd"
1037,"Idli, Sambar, Filter Coffee"
1038,"Sandwich, Cold Coffee, Mineral Water"
1039,"Masala Dosa, Filter Coffee"
1040,"Ice Cream, Brownie"
1041,"Paneer Tikka, Naan, Coke, Mineral Water"
1042,"Pav Bhaji, Lassi"
1043,"Kachori, Jalebi, Tea"
1044,"Coffee, Brownie"
1045,"Burger, Fries, Coke, Soup"
1046,"Biryani, Raita, Gulab Jamun"
1047,"Ice Cream, Brownie"
1048,"Hot Dog, Veg Burger, Coke"
1049,"Masala Dosa, Filter Coffee"
1050,"Masala Dosa, Filter Coffee, Curd"
1051,"Sandwich, Cold Coffee"
1052,"Biryani, Raita, Gulab Jamun, Milkshake"
1053,"Paneer Tikka, Naan, Coke, Mineral Water"
1054,"Pav Bhaji, Lassi, Falooda"
1055,"Momos, Pepsi"
1056,"Veg Fried Rice, Spring Roll, Sprite"
1057,"Samosa, Tea, Soup"
1058,"Coffee, Brownie"
1059,"Chole Bhature, Lassi"
1060,"Coffee, Brownie"
1061,"Paneer Tikka, Naan, Coke"
1062,"Kachori, Jalebi, Tea, Pickle"
1063,"Kachori, Jalebi, Tea"
1064,"Veg Fried Rice, Spring Roll, Sprite"
1065,"Masala Dosa, Filter Coffee"
1066,"Coffee, Brownie, Donut"
1067,"Rasgulla, Tea"
1068,"Coffee, Brownie"
1069,"Chole Bhature, Lassi"
1070,"Rasgulla, Tea, Orange Juice"
1071,"Ice Cream, Brownie, Muffin"
1072,"Veg Fried Rice, Spring Roll, Sprite"
1073,"Pasta, Garlic Bread, Coke"
1074,"Biryani, Raita, Gulab Jamun"
1075,"Paneer Tikka, Naan, Coke"
1076,"Samosa, Tea"
1077,"Hot Dog, Veg Burger, Coke, Pastry"
1078,"Paneer Tikka, Naan, Coke"
1079,"Biryani, Raita, Gulab Jamun"
1080,"Kachori, Jalebi, Tea"
1081,"Chole Bhature, Lassi"
1082,"Paneer Tikka, Naan, Coke"
1083,"Pav Bhaji, Lassi"
1084,"Ice Cream, Brownie"
1085,"Biryani, Raita, Gulab Jamun, Falooda"
1086,"Pav Bhaji, Lassi, Salad"
1087,"Rasgulla, Tea"
1088,"Chole Bhature, Lassi"
1089,"Coffee, Brownie"
1090,"Paneer Tikka, Naan, Coke, Chocolate Cake"
1091,"Sandwich, Cold Coffee, Fruit Salad"
1092,"Ice Cream, Brownie"
1093,"Rasgulla, Tea, Papad"
1094,"Chole Bhature, Lassi"
1095,"Rasgulla, Tea"
1096,"Samosa, Tea, French Fries"
1097,"Momos, Pepsi, Sweet Corn"
1098,"Biryani, Raita, Gulab Jamun, Pastry"
1099,"Pav Bhaji, Lassi, Muffin"
1100,"Veg Fried Rice, Spring Roll, Sprite"
1101,"Pav Bhaji, Lassi"
1102,"Idli, Sambar, Filter Coffee"
1103,"Idli, Sambar, Filter Coffee, Curd"
1104,"Pizza, Garlic Bread, Pepsi"
1105,"Vada Pav, Tea, Pickle"
1106,"Vada Pav, Tea"
1107,"Masala Dosa, Filter Coffee"
1108,"Hot Dog, Veg Burger, Coke"
1109,"Ice Cream, Brownie, Sweet Corn"
1110,"Idli, Sambar, Filter Coffee, Soup"
1111,"Masala Dosa, Filter Coffee, Sweet Corn"
1112,"Chole Bhature, Lassi, Lemon Soda"
1113,"Idli, Sambar, Filter Coffee"
1114,"Chole Bhature, Lassi, Lemon Soda"
1115,"Veg Fried Rice, Spring Roll, Sprite, Mineral Water"
1116,"Rasgulla, Tea, Orange Juice"
1117,"Pav Bhaji, Lassi, Muffin"
1118,"Vada Pav, Tea, Donut"
1119,"Noodles, Manchurian, Sprite"
1120,"Coffee, Brownie"
1121,"Kachori, Jalebi, Tea"
1122,"Vada Pav, Tea, Muffin"
1123,"Kachori, Jalebi, Tea, Curd"
1124,"Kachori, Jalebi, Tea"
1125,"Samosa, Tea, Falooda"
1126,"Pasta, Garlic Bread, Coke, Papad"
1127,"Samosa, Tea"
1128,"Paneer Tikka, Naan, Coke"
1129,"Rasgulla, Tea"
1130,"Masala Dosa, Filter Coffee"
1131,"Ice Cream, Brownie"
1132,"Masala Dosa, Filter Coffee"
1133,"Momos, Pepsi, Orange Juice"
1134,"Coffee, Brownie"
1135,"Kachori, Jalebi, Tea, Papad"
1136,"Burger, Fries, Coke"
1137,"Veg Fried Rice, Spring Roll, Sprite"
1138,"Ice Cream, Brownie"
1139,"Momos, Pepsi"
1140,"Momos, Pepsi"
1141,"Idli, Sambar, Filter Coffee"
1142,"Biryani, Raita, Gulab Jamun"
1143,"Hot Dog, Veg Burger, Coke, Milkshake"
1144,"Hot Dog, Veg Burger, Coke"
1145,"Masala Dosa, Filter Coffee"
1146,"Rasgulla, Tea"
1147,"Momos, Pepsi"
1148,"Vada Pav, Tea"
1149,"Sandwich, Cold Coffee"
1150,"Pav Bhaji, Lassi"
1151,"Pizza, Garlic Bread, Pepsi"
1152,"Idli, Sambar, Filter Coffee"
1153,"Paneer Tikka, Naan, Coke, Falooda"
1154,"Pasta, Garlic Bread, Coke"
1155,"Pizza, Garlic Bread, Pepsi"
1156,"Pav Bhaji, Lassi"
1157,"Biryani, Raita, Gulab Jamun"
1158,"Vada Pav, Tea"
1159,"Hot Dog, Veg Burger, Coke, Papad"
1160,"Kachori, Jalebi, Tea"
1161,"Masala Dosa, Filter Coffee"
1162,"Veg Fried Rice, Spring Roll, Sprite"
1163,"Pizza, Garlic Bread, Pepsi"
1164,"Ice Cream, Brownie, Orange Juice"
1165,"Coffee, Brownie"
1166,"Pasta, Garlic Bread, Coke, Milkshake"
1167,"Noodles, Manchurian, Sprite"
1168,"Vada Pav, Tea, Sweet Corn"
1169,"Pizza, Garlic Bread, Pepsi"
1170,"Samosa, Tea"
1171,"Samosa, Tea, Pickle"
1172,"Hot Dog, Veg Burger, Coke"
1173,"Chole Bhature, Lassi"
1174,"Rasgulla, Tea"
1175,"Paneer Tikka, Naan, Coke"
1176,"Biryani, Raita, Gulab Jamun"
1177,"Biryani, Raita, Gulab Jamun"
1178,"Sandwich, Cold Coffee"
1179,"Pav Bhaji, Lassi"
1180,"Momos, Pepsi, French Fries"
1181,"Biryani, Raita, Gulab Jamun"
1182,"Idli, Sambar, Filter Coffee"
1183,"Pav Bhaji, Lassi"
1184,"Ice Cream, Brownie"
1185,"Paneer Tikka, Naan, Coke"
1186,"Momos, Pepsi, Curd"
1187,"Coffee, Brownie"
1188,"Samosa, Tea"
1189,"Momos, Pepsi"
1190,"Pizza, Garlic Bread, Pepsi, Muffin"
1191,"Burger, Fries, Coke, Orange Juice"
1192,"Idli, Sambar, Filter Coffee"
1193,"Paneer Tikka, Naan, Coke, Pastry"
1194,"Pasta, Garlic Bread, Coke, Milkshake"
1195,"Biryani, Raita, Gulab Jamun"
1196,"Sandwich, Cold Coffee, Orange Juice"
1197,"Pizza, Garlic Bread, Pepsi"
1198,"Pasta, Garlic Bread, Coke"
1199,"Hot Dog, Veg Burger, Coke"
1200,"Biryani, Raita, Gulab Jamun"
1201,"Burger, Fries, Coke, Mineral Water"
1202,"Samosa, Tea"
1203,"Noodles, Manchurian, Sprite"
1204,"Burger, Fries, Coke, Pickle"
1205,"Vada Pav, Tea"
1206,"Paneer Tikka, Naan, Coke"
1207,"Momos, Pepsi, Soup"
1208,"Biryani, Raita, Gulab Jamun"
1209,"Vada Pav, Tea, Papad"
1210,"Pasta, Garlic Bread, Coke, Pastry"
1211,"Samosa, Tea, French Fries"
1212,"Kachori, Jalebi, Tea"
1213,"Idli, Sambar, Filter Coffee"
1214,"Veg Fried Rice, Spring Roll, Sprite"
1215,"Samosa, Tea"
1216,"Kachori, Jalebi, Tea"
1217,"Veg Fried Rice, Spring Roll, Sprite, Chocolate Cake"
1218,"Samosa, Tea"
1219,"Rasgulla, Tea"
1220,"Pav Bhaji, Lassi"
1221,"Coffee, Brownie"
1222,"Hot Dog, Veg Burger, Coke, Mineral Water"
1223,"Hot Dog, Veg Burger, Coke"
1224,"Kachori, Jalebi, Tea"
1225,"Pasta, Garlic Bread, Coke"
1226,"Burger, Fries, Coke"
1227,"Pasta, Garlic Bread, Coke, Fruit Salad"
1228,"Veg Fried Rice, Spring Roll, Sprite"
1229,"Pasta, Garlic Bread, Coke"
1230,"Hot Dog, Veg Burger, Coke"
1231,"Vada Pav, Tea, Mineral Water"
1232,"Noodles, Manchurian, Sprite"
1233,"Burger, Fries, Coke"
1234,"Coffee, Brownie, Sweet Corn"
1235,"Pav Bhaji, Lassi"
1236,"Masala Dosa, Filter Coffee"
1237,"Biryani, Raita, Gulab Jamun, Mineral Water"
1238,"Burger, Fries, Coke, Salad"
1239,"Pizza, Garlic Bread, Pepsi"
1240,"Chole Bhature, Lassi"
1241,"Noodles, Manchurian, Sprite"
1242,"Paneer Tikka, Naan, Coke"
1243,"Biryani, Raita, Gulab Jamun"
1244,"Ice Cream, Brownie"
1245,"Sandwich, Cold Coffee, Mineral Water"
1246,"Noodles, Manchurian, Sprite"
1247,"Samosa, Tea"
1248,"Chole Bhature, Lassi"
1249,"Biryani, Raita, Gulab Jamun, Sweet Corn"
1250,"Hot Dog, Veg Burger, Coke, Mineral Water"
1251,"Paneer Tikka, Naan, Coke, Salad"
1252,"Pasta, Garlic Bread, Coke"
1253,"Masala Dosa, Filter Coffee, Pastry"
1254,"Burger, Fries, Coke, Papad"
1255,"Noodles, Manchurian, Sprite"
1256,"Sandwich, Cold Coffee, Pastry"
1257,"Sandwich, Cold Coffee"
1258,"Vada Pav, Tea"
1259,"Burger, Fries, Coke, Sweet Corn"
1260,"Sandwich, Cold Coffee"
1261,"Sandwich, Cold Coffee"
1262,"Rasgulla, Tea"
1263,"Momos, Pepsi"
1264,"Pav Bhaji, Lassi, Orange Juice"
1265,"Pav Bhaji, Lassi, Chocolate Cake"
1266,"Rasgulla, Tea"
1267,"Vada Pav, Tea, Fruit Salad"
1268,"Burger, Fries, Coke, French Fries"
1269,"Hot Dog, Veg Burger, Coke, Papad"
1270,"Chole Bhature, Lassi"
1271,"Masala Dosa, Filter Coffee"
1272,"Pizza, Garlic Bread, Pepsi"
1273,"Paneer Tikka, Naan, Coke, Falooda"
1274,"Paneer Tikka, Naan, Coke"
1275,"Coffee, Brownie, Mineral Water"
1276,"Rasgulla, Tea"
1277,"Noodles, Manchurian, Sprite"
1278,"Pizza, Garlic Bread, Pepsi, Fruit Salad"
1279,"Pizza, Garlic Bread, Pepsi"
1280,"Biryani, Raita, Gulab Jamun"
1281,"Pasta, Garlic Bread, Coke"
1282,"Pasta, Garlic Bread, Coke, Muffin"
1283,"Burger, Fries, Coke"
1284,"Pasta, Garlic Bread, Coke"
1285,"Pasta, Garlic Bread, Coke"
1286,"Hot Dog, Veg Burger, Coke"
1287,"Rasgulla, Tea"
1288,"Veg Fried Rice, Spring Roll, Sprite"
1289,"Ice Cream, Brownie"
1290,"Hot Dog, Veg Burger, Coke, Sweet Corn"
1291,"Burger, Fries, Coke, Papad"
1292,"Burger, Fries, Coke"
1293,"Burger, Fries, Coke"
1294,"Chole Bhature, Lassi"
1295,"Pasta, Garlic Bread, Coke, Fruit Salad"
1296,"Hot Dog, Veg Burger, Coke"
1297,"Pizza, Garlic Bread, Pepsi"
1298,"Samosa, Tea"
1299,"Biryani, Raita, Gulab Jamun, Falooda"
1300,"Noodles, Manchurian, Sprite"
1301,"Pav Bhaji, Lassi"
1302,"Biryani, Raita, Gulab Jamun"
1303,"Noodles, Manchurian, Sprite, Soup"
1304,"Biryani, Raita, Gulab Jamun"
1305,"Pizza, Garlic Bread, Pepsi"
1306,"Samosa, Tea, Milkshake"
1307,"Coffee, Brownie"
1308,"Chole Bhature, Lassi"
1309,"Coffee, Brownie, Milkshake"
1310,"Hot Dog, Veg Burger, Coke, Lemon Soda"
1311,"Samosa, Tea"
1312,"Rasgulla, Tea, Chocolate Cake"
1313,"Masala Dosa, Filter Coffee"
1314,"Coffee, Brownie"
1315,"Ice Cream, Brownie"
1316,"Veg Fried Rice, Spring Roll, Sprite"
1317,"Idli, Sambar, Filter Coffee, Chocolate Cake"
1318,"Biryani, Raita, Gulab Jamun, Curd"
1319,"Kachori, Jalebi, Tea, Pickle"
1320,"Samosa, Tea, Falooda"
1321,"Pav Bhaji, Lassi"
1322,"Pizza, Garlic Bread, Pepsi"
1323,"Sandwich, Cold Coffee"
1324,"Masala Dosa, Filter Coffee, Soup"
1325,"Idli, Sambar, Filter Coffee"
1326,"Ice Cream, Brownie, Muffin"
1327,"Vada Pav, Tea"
1328,"Samosa, Tea, Salad"
1329,"Hot Dog, Veg Burger, Coke, Soup"
1330,"Pav Bhaji, Lassi"
1331,"Biryani, Raita, Gulab Jamun"
1332,"Sandwich, Cold Coffee"
1333,"Biryani, Raita, Gulab Jamun, Mineral Water"
1334,"Veg Fried Rice, Spring Roll, Sprite"
1335,"Idli, Sambar, Filter Coffee"
1336,"Biryani, Raita, Gulab Jamun"
1337,"Coffee, Brownie, Muffin"
1338,"Pizza, Garlic Bread, Pepsi, Sweet Corn"
1339,"Chole Bhature, Lassi"
1340,"Chole Bhature, Lassi"
1341,"Masala Dosa, Filter Coffee"
1342,"Masala Dosa, Filter Coffee, Muffin"
1343,"Samosa, Tea, Falooda"
1344,"Pasta, Garlic Bread, Coke"
1345,"Ice Cream, Brownie"
1346,"Biryani, Raita, Gulab Jamun, Pastry"
1347,"Paneer Tikka, Naan, Coke, Fruit Salad"
1348,"Hot Dog, Veg Burger, Coke"
1349,"Ice Cream, Brownie"
1350,"Chole Bhature, Lassi"
1351,"Pav Bhaji, Lassi"
1352,"Momos, Pepsi, Fruit Salad"
1353,"Coffee, Brownie"
1354,"Masala Dosa, Filter Coffee, Falooda"
1355,"Burger, Fries, Coke"
1356,"Sandwich, Cold Coffee, Donut"
1357,"Noodles, Manchurian, Sprite"
1358,"Rasgulla, Tea"
1359,"Masala Dosa, Filter Coffee, Falooda"
1360,"Sandwich, Cold Coffee"
1361,"Pizza, Garlic Bread, Pepsi"
1362,"Hot Dog, Veg Burger, Coke"
1363,"Chole Bhature, Lassi"
1364,"Masala Dosa, Filter Coffee, Pickle"
1365,"Pav Bhaji, Lassi"
1366,"Burger, Fries, Coke"
1367,"Pav Bhaji, Lassi"
1368,"Rasgulla, Tea, Lemon Soda"
1369,"Momos, Pepsi"
1370,"Masala Dosa, Filter Coffee"
1371,"Biryani, Raita, Gulab Jamun, Falooda"
1372,"Burger, Fries, Coke"
1373,"Burger, Fries, Coke, Lemon Soda"
1374,"Samosa, Tea, Orange Juice"
1375,"Coffee, Brownie, Pastry"
1376,"Rasgulla, Tea"
1377,"Samosa, Tea"
1378,"Noodles, Manchurian, Sprite"
1379,"Biryani, Raita, Gulab Jamun"
1380,"Chole Bhature, Lassi"
1381,"Coffee, Brownie, Pastry"
1382,"Masala Dosa, Filter Coffee"
1383,"Paneer Tikka, Naan, Coke"
1384,"Momos, Pepsi"
1385,"Masala Dosa, Filter Coffee"
1386,"Ice Cream, Brownie"
1387,"Kachori, Jalebi, Tea"
1388,"Hot Dog, Veg Burger, Coke"
1389,"Masala Dosa, Filter Coffee"
1390,"Pasta, Garlic Bread, Coke, French Fries"
1391,"Rasgulla, Tea"
1392,"Rasgulla, Tea, Pickle"
1393,"Kachori, Jalebi, Tea, Chocolate Cake"
1394,"Momos, Pepsi, Mineral Water"
1395,"Hot Dog, Veg Burger, Coke, Pickle"
1396,"Masala Dosa, Filter Coffee"
1397,"Biryani, Raita, Gulab Jamun"
1398,"Coffee, Brownie"
1399,"Sandwich, Cold Coffee, Mineral Water"
1400,"Pav Bhaji, Lassi, Chocolate Cake"
1401,"Burger, Fries, Coke, Muffin"
1402,"Paneer Tikka, Naan, Coke"
1403,"Paneer Tikka, Naan, Coke"
1404,"Chole Bhature, Lassi"
1405,"Chole Bhature, Lassi, Donut"
1406,"Rasgulla, Tea"
1407,"Hot Dog, Veg Burger, Coke, Mineral Water"
1408,"Pizza, Garlic Bread, Pepsi, Pickle"
1409,"Sandwich, Cold Coffee"
1410,"Biryani, Raita, Gulab Jamun, Soup"
1411,"Masala Dosa, Filter Coffee"
1412,"Ice Cream, Brownie"
1413,"Biryani, Raita, Gulab Jamun, Donut"
1414,"Burger, Fries, Coke"
1415,"Masala Dosa, Filter Coffee"
1416,"Paneer Tikka, Naan, Coke, Chocolate Cake"
1417,"Coffee, Brownie, Lemon Soda"
1418,"Paneer Tikka, Naan, Coke"
1419,"Ice Cream, Brownie, Curd"
1420,"Pasta, Garlic Bread, Coke, Salad"
1421,"Chole Bhature, Lassi"
1422,"Momos, Pepsi, Papad"
1423,"Burger, Fries, Coke"
1424,"Pasta, Garlic Bread, Coke"
1425,"Kachori, Jalebi, Tea"
1426,"Vada Pav, Tea, Orange Juice"
1427,"Pasta, Garlic Bread, Coke"
1428,"Momos, Pepsi"
1429,"Pasta, Garlic Bread, Coke"
1430,"Momos, Pepsi"
1431,"Sandwich, Cold Coffee, Soup"
1432,"Masala Dosa, Filter Coffee"
1433,"Chole Bhature, Lassi"
1434,"Idli, Sambar, Filter Coffee, Muffin"
1435,"Idli, Sambar, Filter Coffee, Milkshake"
1436,"Rasgulla, Tea, Chocolate Cake"
1437,"Biryani, Raita, Gulab Jamun"
1438,"Ice Cream, Brownie"
1439,"Rasgulla, Tea, Salad"
1440,"Chole Bhature, Lassi"
1441,"Paneer Tikka, Naan, Coke"
1442,"Momos, Pepsi"
1443,"Hot Dog, Veg Burger, Coke"
1444,"Biryani, Raita, Gulab Jamun"
1445,"Pizza, Garlic Bread, Pepsi"
1446,"Noodles, Manchurian, Sprite"
1447,"Kachori, Jalebi, Tea, Muffin"
1448,"Masala Dosa, Filter Coffee"
1449,"Masala Dosa, Filter Coffee"
1450,"Veg Fried Rice, Spring Roll, Sprite, Sweet Corn"
1451,"Biryani, Raita, Gulab Jamun"
1452,"Paneer Tikka, Naan, Coke, Pastry"
1453,"Kachori, Jalebi, Tea, Mineral Water"
1454,"Biryani, Raita, Gulab Jamun"
1455,"Chole Bhature, Lassi"
1456,"Sandwich, Cold Coffee"
1457,"Burger, Fries, Coke"
1458,"Kachori, Jalebi, Tea"
1459,"Paneer Tikka, Naan, Coke, Pastry"
1460,"Samosa, Tea"
1461,"Rasgulla, Tea"
1462,"Vada Pav, Tea"
1463,"Rasgulla, Tea"
1464,"Pasta, Garlic Bread, Coke"
1465,"Pav Bhaji, Lassi"
1466,"Sandwich, Cold Coffee"
1467,"Momos, Pepsi"
1468,"Momos, Pepsi, Milkshake"
1469,"Chole Bhature, Lassi, Soup"
1470,"Pizza, Garlic Bread, Pepsi"
1471,"Coffee, Brownie"
1472,"Pizza, Garlic Bread, Pepsi"
1473,"Sandwich, Cold Coffee"
1474,"Burger, Fries, Coke, Curd"
1475,"Pasta, Garlic Bread, Coke, Donut"
1476,"Vada Pav, Tea"
1477,"Hot Dog, Veg Burger, Coke, Muffin"
1478,"Coffee, Brownie, Sweet Corn"
1479,"Kachori, Jalebi, Tea"
1480,"Veg Fried Rice, Spring Roll, Sprite"
1481,"Paneer Tikka, Naan, Coke"
1482,"Noodles, Manchurian, Sprite"
1483,"Pizza, Garlic Bread, Pepsi"
1484,"Masala Dosa, Filter Coffee, Fruit Salad"
1485,"Chole Bhature, Lassi, Fruit Salad"
1486,"Rasgulla, Tea, Lemon Soda"
1487,"Veg Fried Rice, Spring Roll, Sprite"
1488,"Hot Dog, Veg Burger, Coke, Salad"
1489,"Pav Bhaji, Lassi"
1490,"Sandwich, Cold Coffee"
1491,"Idli, Sambar, Filter Coffee"
1492,"Vada Pav, Tea"
1493,"Hot Dog, Veg Burger, Coke"
1494,"Kachori, Jalebi, Tea"
1495,"Momos, Pepsi"
1496,"Pav Bhaji, Lassi, Milkshake"
1497,"Biryani, Raita, Gulab Jamun, Soup"
1498,"Pizza, Garlic Bread, Pepsi, Lemon Soda"
1499,"Hot Dog, Veg Burger, Coke"
1500,"Veg Fried Rice, Spring Roll, Sprite, Sweet Corn"
1501,"Noodles, Manchurian, Sprite, French Fries"
1502,"Momos, Pepsi"
1503,"Masala Dosa, Filter Coffee"
1504,"Burger, Fries, Coke, Curd"
1505,"Sandwich, Cold Coffee"
1506,"Chole Bhature, Lassi"
1507,"Idli, Sambar, Filter Coffee, Muffin"
1508,"Pasta, Garlic Bread, Coke"
1509,"Kachori, Jalebi, Tea"
1510,"Vada Pav, Tea, Papad"
1511,"Ice Cream, Brownie"
1512,"Kachori, Jalebi, Tea, Chocolate Cake"
1513,"Momos, Pepsi, Milkshake"
1514,"Coffee, Brownie"
1515,"Sandwich, Cold Coffee"
1516,"Pasta, Garlic Bread, Coke, Fruit Salad"
1517,"Hot Dog, Veg Burger, Coke"
1518,"Kachori, Jalebi, Tea"
1519,"Coffee, Brownie"
1520,"Burger, Fries, Coke"
1521,"Pasta, Garlic Bread, Coke, Sweet Corn"
1522,"Chole Bhature, Lassi"
1523,"Pizza, Garlic Bread, Pepsi"
1524,"Rasgulla, Tea"
1525,"Coffee, Brownie"
1526,"Hot Dog, Veg Burger, Coke"
1527,"Momos, Pepsi"
1528,"Pav Bhaji, Lassi"
1529,"Masala Dosa, Filter Coffee"
1530,"Ice Cream, Brownie, Chocolate Cake"
1531,"Momos, Pepsi, Milkshake"
1532,"Ice Cream, Brownie"
1533,"Masala Dosa, Filter Coffee"
1534,"Coffee, Brownie"
1535,"Hot Dog, Veg Burger, Coke"
1536,"Pasta, Garlic Bread, Coke"
1537,"Coffee, Brownie"
1538,"Rasgulla, Tea, Chocolate Cake"
1539,"Momos, Pepsi, Mineral Water"
1540,"Momos, Pepsi"
1541,"Noodles, Manchurian, Sprite, Soup"
1542,"Noodles, Manchurian, Sprite, Salad"
1543,"Samosa, Tea, Lemon Soda"
1544,"Coffee, Brownie"
1545,"Rasgulla, Tea"
1546,"Idli, Sambar, Filter Coffee, Orange Juice"
1547,"Biryani, Raita, Gulab Jamun"
1548,"Masala Dosa, Filter Coffee, Salad"
1549,"Burger, Fries, Coke"
1550,"Veg Fried Rice, Spring Roll, Sprite"
1551,"Masala Dosa, Filter Coffee"
1552,"Masala Dosa, Filter Coffee"
1553,"Biryani, Raita, Gulab Jamun, Sweet Corn"
1554,"Paneer Tikka, Naan, Coke"
1555,"Momos, Pepsi"
1556,"Pizza, Garlic Bread, Pepsi"
1557,"Pav Bhaji, Lassi"
1558,"Coffee, Brownie"
1559,"Noodles, Manchurian, Sprite, French Fries"
1560,"Hot Dog, Veg Burger, Coke, Papad"
1561,"Pasta, Garlic Bread, Coke, Soup"
1562,"Noodles, Manchurian, Sprite"
1563,"Masala Dosa, Filter Coffee, Salad"
1564,"Pasta, Garlic Bread, Coke"
1565,"Idli, Sambar, Filter Coffee"
1566,"Kachori, Jalebi, Tea"
1567,"Paneer Tikka, Naan, Coke"
1568,"Samosa, Tea, Donut"
1569,"Pav Bhaji, Lassi"
1570,"Masala Dosa, Filter Coffee"
1571,"Chole Bhature, Lassi, Falooda"
1572,"Samosa, Tea, French Fries"
1573,"Rasgulla, Tea"
1574,"Vada Pav, Tea"
1575,"Pizza, Garlic Bread, Pepsi"
1576,"Sandwich, Cold Coffee"
1577,"Kachori, Jalebi, Tea, Salad"
1578,"Vada Pav, Tea"
1579,"Burger, Fries, Coke, Chocolate Cake"
1580,"Paneer Tikka, Naan, Coke"
1581,"Vada Pav, Tea"
1582,"Momos, Pepsi"
1583,"Veg Fried Rice, Spring Roll, Sprite"
1584,"Burger, Fries, Coke, Chocolate Cake"
1585,"Noodles, Manchurian, Sprite, Pastry"
1586,"Paneer Tikka, Naan, Coke"
1587,"Vada Pav, Tea"
1588,"Kachori, Jalebi, Tea, Chocolate Cake"
1589,"Vada Pav, Tea"
1590,"Kachori, Jalebi, Tea, Milkshake"
1591,"Noodles, Manchurian, Sprite"
1592,"Pav Bhaji, Lassi"
1593,"Pasta, Garlic Bread, Coke, Donut"
1594,"Veg Fried Rice, Spring Roll, Sprite"
1595,"Momos, Pepsi, French Fries"
1596,"Burger, Fries, Coke"
1597,"Vada Pav, Tea"
1598,"Momos, Pepsi, Mineral Water"
1599,"Noodles, Manchurian, Sprite, Chocolate Cake"
1600,"Sandwich, Cold Coffee"
1601,"Idli, Sambar, Filter Coffee"
1602,"Pasta, Garlic Bread, Coke, Salad"
1603,"Vada Pav, Tea"
1604,"Pizza, Garlic Bread, Pepsi"
1605,"Pav Bhaji, Lassi"
1606,"Coffee, Brownie"
1607,"Vada Pav, Tea, Salad"
1608,"Burger, Fries, Coke"
1609,"Masala Dosa, Filter Coffee, Muffin"
1610,"Kachori, Jalebi, Tea, Mineral Water"
1611,"Pav Bhaji, Lassi"
1612,"Masala Dosa, Filter Coffee, Soup"
1613,"Idli, Sambar, Filter Coffee, Soup"
1614,"Momos, Pepsi"
1615,"Masala Dosa, Filter Coffee, Salad"
1616,"Masala Dosa, Filter Coffee, Donut"
1617,"Rasgulla, Tea"
1618,"Masala Dosa, Filter Coffee"
1619,"Pav Bhaji, Lassi"
1620,"Samosa, Tea"
1621,"Momos, Pepsi, Sweet Corn"
1622,"Idli, Sambar, Filter Coffee, Milkshake"
1623,"Coffee, Brownie, Fruit Salad"
1624,"Rasgulla, Tea"
1625,"Hot Dog, Veg Burger, Coke"
1626,"Coffee, Brownie"
1627,"Kachori, Jalebi, Tea, Falooda"
1628,"Momos, Pepsi, Soup"
1629,"Samosa, Tea"
1630,"Ice Cream, Brownie"
1631,"Kachori, Jalebi, Tea, Orange Juice"
1632,"Noodles, Manchurian, Sprite"
1633,"Momos, Pepsi"
1634,"Biryani, Raita, Gulab Jamun"
1635,"Coffee, Brownie, Milkshake"
1636,"Pizza, Garlic Bread, Pepsi"
1637,"Ice Cream, Brownie"
1638,"Chole Bhature, Lassi"
1639,"Biryani, Raita, Gulab Jamun"
1640,"Rasgulla, Tea"
1641,"Momos, Pepsi"
1642,"Vada Pav, Tea"
1643,"Burger, Fries, Coke, Sweet Corn"
1644,"Pizza, Garlic Bread, Pepsi"
1645,"Burger, Fries, Coke"
1646,"Kachori, Jalebi, Tea"
1647,"Pasta, Garlic Bread, Coke"
1648,"Ice Cream, Brownie, Muffin"
1649,"Coffee, Brownie"
1650,"Pizza, Garlic Bread, Pepsi"
1651,"Idli, Sambar, Filter Coffee, Donut"
1652,"Pav Bhaji, Lassi"
1653,"Vada Pav, Tea, Falooda"
1654,"Burger, Fries, Coke, Curd"
1655,"Ice Cream, Brownie"
1656,"Vada Pav, Tea, Orange Juice"
1657,"Momos, Pepsi, Sweet Corn"
1658,"Vada Pav, Tea, Lemon Soda"
1659,"Veg Fried Rice, Spring Roll, Sprite, Soup"
1660,"Veg Fried Rice, Spring Roll, Sprite"
1661,"Veg Fried Rice, Spring Roll, Sprite"
1662,"Vada Pav, Tea"
1663,"Pizza, Garlic Bread, Pepsi"
1664,"Rasgulla, Tea, Muffin"
1665,"Idli, Sambar, Filter Coffee"
1666,"Noodles, Manchurian, Sprite, Donut"
1667,"Burger, Fries, Coke"
1668,"Pizza, Garlic Bread, Pepsi"
1669,"Paneer Tikka, Naan, Coke"
1670,"Momos, Pepsi"
1671,"Masala Dosa, Filter Coffee"
1672,"Masala Dosa, Filter Coffee"
1673,"Samosa, Tea, Pickle"
1674,"Noodles, Manchurian, Sprite"
1675,"Paneer Tikka, Naan, Coke"
1676,"Hot Dog, Veg Burger, Coke, Pickle"
1677,"Pasta, Garlic Bread, Coke"
1678,"Samosa, Tea, Fruit Salad"
1679,"Pasta, Garlic Bread, Coke"
1680,"Ice Cream, Brownie"
1681,"Ice Cream, Brownie"
1682,"Veg Fried Rice, Spring Roll, Sprite, Curd"
1683,"Pav Bhaji, Lassi"
1684,"Samosa, Tea"
1685,"Masala Dosa, Filter Coffee"
1686,"Coffee, Brownie"
1687,"Pav Bhaji, Lassi"
1688,"Rasgulla, Tea"
1689,"Paneer Tikka, Naan, Coke"
1690,"Ice Cream, Brownie, Sweet Corn"
1691,"Burger, Fries, Coke"
1692,"Burger, Fries, Coke"
1693,"Pizza, Garlic Bread, Pepsi"
1694,"Veg Fried Rice, Spring Roll, Sprite, Orange Juice"
1695,"Pasta, Garlic Bread, Coke"
1696,"Samosa, Tea"
1697,"Pasta, Garlic Bread, Coke, Salad"
1698,"Pav Bhaji, Lassi"
1699,"Vada Pav, Tea"
1700,"Ice Cream, Brownie"
1701,"Ice Cream, Brownie"
1702,"Noodles, Manchurian, Sprite"
1703,"Pasta, Garlic Bread, Coke"
1704,"Pizza, Garlic Bread, Pepsi"
1705,"Chole Bhature, Lassi"
1706,"Coffee, Brownie"
1707,"Pizza, Garlic Bread, Pepsi, Milkshake"
1708,"Veg Fried Rice, Spring Roll, Sprite"
1709,"Idli, Sambar, Filter Coffee"
1710,"Pav Bhaji, Lassi"
1711,"Ice Cream, Brownie"
1712,"Veg Fried Rice, Spring Roll, Sprite"
1713,"Veg Fried Rice, Spring Roll, Sprite, Orange Juice"
1714,"Biryani, Raita, Gulab Jamun, Orange Juice"
1715,"Noodles, Manchurian, Sprite, Salad"
1716,"Paneer Tikka, Naan, Coke, Milkshake"
1717,"Samosa, Tea, Milkshake"
1718,"Burger, Fries, Coke, Pastry"
1719,"Pizza, Garlic Bread, Pepsi, Pickle"
1720,"Kachori, Jalebi, Tea, Curd"
1721,"Momos, Pepsi"
1722,"Ice Cream, Brownie"
1723,"Coffee, Brownie"
1724,"Masala Dosa, Filter Coffee"
1725,"Noodles, Manchurian, Sprite, Soup"
1726,"Biryani, Raita, Gulab Jamun, Lemon Soda"
1727,"Coffee, Brownie, Curd"
1728,"Veg Fried Rice, Spring Roll, Sprite"
1729,"Kachori, Jalebi, Tea"
1730,"Ice Cream, Brownie"
1731,"Burger, Fries, Coke, Papad"
1732,"Idli, Sambar, Filter Coffee, Falooda"
1733,"Pizza, Garlic Bread, Pepsi"
1734,"Coffee, Brownie"
1735,"Vada Pav, Tea"
1736,"Ice Cream, Brownie"
1737,"Burger, Fries, Coke"
1738,"Pav Bhaji, Lassi"
1739,"Noodles, Manchurian, Sprite"
1740,"Pizza, Garlic Bread, Pepsi, Lemon Soda"
1741,"Coffee, Brownie"
1742,"Vada Pav, Tea, French Fries"
1743,"Biryani, Raita, Gulab Jamun, Lemon Soda"
1744,"Paneer Tikka, Naan, Coke"
1745,"Veg Fried Rice, Spring Roll, Sprite"
1746,"Paneer Tikka, Naan, Coke"
1747,"Biryani, Raita, Gulab Jamun"
1748,"Samosa, Tea, Pickle"
1749,"Pizza, Garlic Bread, Pepsi, Salad"
1750,"Masala Dosa, Filter Coffee"
1751,"Ice Cream, Brownie, Falooda"
1752,"Sandwich, Cold Coffee"
1753,"Idli, Sambar, Filter Coffee"
1754,"Paneer Tikka, Naan, Coke, Soup"
1755,"Vada Pav, Tea"
1756,"Kachori, Jalebi, Tea, Salad"
1757,"Biryani, Raita, Gulab Jamun"
1758,"Noodles, Manchurian, Sprite, Curd"
1759,"Kachori, Jalebi, Tea, Muffin"
1760,"Chole Bhature, Lassi"
1761,"Burger, Fries, Coke"
1762,"Ice Cream, Brownie, Soup"
1763,"Ice Cream, Brownie, Pastry"
1764,"Pasta, Garlic Bread, Coke"
1765,"Pav Bhaji, Lassi"
1766,"Burger, Fries, Coke"
1767,"Ice Cream, Brownie, Salad"
1768,"Burger, Fries, Coke"
1769,"Chole Bhature, Lassi"
1770,"Biryani, Raita, Gulab Jamun, Papad"
1771,"Veg Fried Rice, Spring Roll, Sprite"
1772,"Noodles, Manchurian, Sprite, Orange Juice"
1773,"Hot Dog, Veg Burger, Coke"
1774,"Sandwich, Cold Coffee, Orange Juice"
1775,"Rasgulla, Tea"
1776,"Ice Cream, Brownie"
1777,"Ice Cream, Brownie, Mineral Water"
1778,"Sandwich, Cold Coffee, Donut"
1779,"Coffee, Brownie"
1780,"Hot Dog, Veg Burger, Coke, Mineral Water"
1781,"Veg Fried Rice, Spring Roll, Sprite, Muffin"
1782,"Coffee, Brownie"
1783,"Pasta, Garlic Bread, Coke"
1784,"Samosa, Tea"
1785,"Pav Bhaji, Lassi"
1786,"Paneer Tikka, Naan, Coke, Pickle"
1787,"Hot Dog, Veg Burger, Coke"
1788,"Paneer Tikka, Naan, Coke, Papad"
1789,"Samosa, Tea"
1790,"Coffee, Brownie"
1791,"Idli, Sambar, Filter Coffee"
1792,"Pasta, Garlic Bread, Coke"
1793,"Vada Pav, Tea, Mineral Water"
1794,"Sandwich, Cold Coffee"
1795,"Samosa, Tea"
1796,"Veg Fried Rice, Spring Roll, Sprite, Mineral Water"
1797,"Biryani, Raita, Gulab Jamun"
1798,"Noodles, Manchurian, Sprite"
1799,"Rasgulla, Tea"
1800,"Rasgulla, Tea, Salad"
1801,"Ice Cream, Brownie, Donut"
1802,"Samosa, Tea"
1803,"Hot Dog, Veg Burger, Coke"
1804,"Rasgulla, Tea"
1805,"Pasta, Garlic Bread, Coke, Fruit Salad"
1806,"Noodles, Manchurian, Sprite, Papad"
1807,"Noodles, Manchurian, Sprite, Falooda"
1808,"Kachori, Jalebi, Tea"
1809,"Noodles, Manchurian, Sprite, Orange Juice"
1810,"Masala Dosa, Filter Coffee"
1811,"Rasgulla, Tea"
1812,"Samosa, Tea"
1813,"Momos, Pepsi"
1814,"Pizza, Garlic Bread, Pepsi, Donut"
1815,"Hot Dog, Veg Burger, Coke, Papad"
1816,"Hot Dog, Veg Burger, Coke, Lemon Soda"
1817,"Noodles, Manchurian, Sprite"
1818,"Pav Bhaji, Lassi"
1819,"Idli, Sambar, Filter Coffee"
1820,"Pizza, Garlic Bread, Pepsi"
1821,"Coffee, Brownie, Fruit Salad"
1822,"Sandwich, Cold Coffee"
1823,"Sandwich, Cold Coffee"
1824,"Rasgulla, Tea, Soup"
1825,"Pav Bhaji, Lassi"
1826,"Biryani, Raita, Gulab Jamun"
1827,"Chole Bhature, Lassi"
1828,"Hot Dog, Veg Burger, Coke"
1829,"Pav Bhaji, Lassi"
1830,"Pav Bhaji, Lassi"
1831,"Momos, Pepsi"
1832,"Burger, Fries, Coke"
1833,"Samosa, Tea"
1834,"Hot Dog, Veg Burger, Coke, Milkshake"
1835,"Veg Fried Rice, Spring Roll, Sprite, Orange Juice"
1836,"Pav Bhaji, Lassi"
1837,"Vada Pav, Tea"
1838,"Paneer Tikka, Naan, Coke"
1839,"Vada Pav, Tea"
1840,"Momos, Pepsi"
1841,"Rasgulla, Tea, Sweet Corn"
1842,"Burger, Fries, Coke, Pastry"
1843,"Rasgulla, Tea"
1844,"Samosa, Tea"
1845,"Pizza, Garlic Bread, Pepsi"
1846,"Samosa, Tea, Milkshake"
1847,"Masala Dosa, Filter Coffee"
1848,"Chole Bhature, Lassi"
1849,"Rasgulla, Tea"
1850,"Pasta, Garlic Bread, Coke"
1851,"Veg Fried Rice, Spring Roll, Sprite"
1852,"Momos, Pepsi"
1853,"Masala Dosa, Filter Coffee, Sweet Corn"
1854,"Kachori, Jalebi, Tea, Orange Juice"
1855,"Kachori, Jalebi, Tea"
1856,"Sandwich, Cold Coffee, Pickle"
1857,"Idli, Sambar, Filter Coffee"
1858,"Biryani, Raita, Gulab Jamun, Soup"
1859,"Samosa, Tea, Lemon Soda"
1860,"Noodles, Manchurian, Sprite"
1861,"Noodles, Manchurian, Sprite"
1862,"Samosa, Tea"
1863,"Masala Dosa, Filter Coffee"
1864,"Kachori, Jalebi, Tea"
1865,"Ice Cream, Brownie"
1866,"Vada Pav, Tea, Pastry"
1867,"Kachori, Jalebi, Tea"
1868,"Burger, Fries, Coke"
1869,"Paneer Tikka, Naan, Coke"
1870,"Pav Bhaji, Lassi"
1871,"Noodles, Manchurian, Sprite"
1872,"Momos, Pepsi"
1873,"Chole Bhature, Lassi"
1874,"Rasgulla, Tea, Pastry"
1875,"Sandwich, Cold Coffee"
1876,"Hot Dog, Veg Burger, Coke"
1877,"Biryani, Raita, Gulab Jamun, Sweet Corn"
1878,"Sandwich, Cold Coffee, French Fries"
1879,"Rasgulla, Tea"
1880,"Noodles, Manchurian, Sprite, Lemon Soda"
1881,"Coffee, Brownie"
1882,"Vada Pav, Tea, Milkshake"
1883,"Sandwich, Cold Coffee"
1884,"Paneer Tikka, Naan, Coke"
1885,"Kachori, Jalebi, Tea, Soup"
1886,"Veg Fried Rice, Spring Roll, Sprite"
1887,"Ice Cream, Brownie"
1888,"Pav Bhaji, Lassi"
1889,"Momos, Pepsi, Curd"
1890,"Rasgulla, Tea, Soup"
1891,"Samosa, Tea"
1892,"Vada Pav, Tea"
1893,"Idli, Sambar, Filter Coffee"
1894,"Masala Dosa, Filter Coffee, Fruit Salad"
1895,"Chole Bhature, Lassi"
1896,"Ice Cream, Brownie"
1897,"Pizza, Garlic Bread, Pepsi, French Fries"
1898,"Biryani, Raita, Gulab Jamun"
1899,"Momos, Pepsi"
1900,"Paneer Tikka, Naan, Coke, Milkshake"
1901,"Hot Dog, Veg Burger, Coke"
1902,"Kachori, Jalebi, Tea, Soup"
1903,"Chole Bhature, Lassi"
1904,"Noodles, Manchurian, Sprite, Salad"
1905,"Masala Dosa, Filter Coffee"
1906,"Idli, Sambar, Filter Coffee, Fruit Salad"
1907,"Pasta, Garlic Bread, Coke, Fruit Salad"
1908,"Noodles, Manchurian, Sprite"
1909,"Kachori, Jalebi, Tea, Salad"
1910,"Pav Bhaji, Lassi, French Fries"
1911,"Masala Dosa, Filter Coffee, Milkshake"
1912,"Chole Bhature, Lassi"
1913,"Chole Bhature, Lassi"
1914,"Veg Fried Rice, Spring Roll, Sprite"
1915,"Biryani, Raita, Gulab Jamun"
1916,"Ice Cream, Brownie, Papad"
1917,"Pav Bhaji, Lassi"
1918,"Sandwich, Cold Coffee, Lemon Soda"
1919,"Idli, Sambar, Filter Coffee"
1920,"Rasgulla, Tea, Orange Juice"
1921,"Paneer Tikka, Naan, Coke"
1922,"Ice Cream, Brownie, Curd"
1923,"Coffee, Brownie"
1924,"Noodles, Manchurian, Sprite"
1925,"Ice Cream, Brownie"
1926,"Rasgulla, Tea, Muffin"
1927,"Chole Bhature, Lassi"
1928,"Hot Dog, Veg Burger, Coke"
1929,"Idli, Sambar, Filter Coffee"
1930,"Rasgulla, Tea"
1931,"Momos, Pepsi, Mineral Water"
1932,"Chole Bhature, Lassi"
1933,"Hot Dog, Veg Burger, Coke"
1934,"Hot Dog, Veg Burger, Coke"
1935,"Paneer Tikka, Naan, Coke"
1936,"Noodles, Manchurian, Sprite"
1937,"Sandwich, Cold Coffee, Mineral Water"
1938,"Chole Bhature, Lassi"
1939,"Coffee, Brownie, Orange Juice"
1940,"Momos, Pepsi, Lemon Soda"
1941,"Rasgulla, Tea, Lemon Soda"
1942,"Momos, Pepsi"
1943,"Hot Dog, Veg Burger, Coke"
1944,"Sandwich, Cold Coffee, Lemon Soda"
1945,"Hot Dog, Veg Burger, Coke"
1946,"Pav Bhaji, Lassi, Chocolate Cake"
1947,"Vada Pav, Tea"
1948,"Momos, Pepsi"
1949,"Ice Cream, Brownie"
1950,"Momos, Pepsi"
1951,"Coffee, Brownie"
1952,"Rasgulla, Tea"
1953,"Momos, Pepsi, Fruit Salad"
1954,"Sandwich, Cold Coffee"
1955,"Rasgulla, Tea, Fruit Salad"
1956,"Paneer Tikka, Naan, Coke"
1957,"Ice Cream, Brownie, Papad"
1958,"Chole Bhature, Lassi"
1959,"Masala Dosa, Filter Coffee"
1960,"Vada Pav, Tea"
1961,"Idli, Sambar, Filter Coffee, French Fries"
1962,"Burger, Fries, Coke"
1963,"Chole Bhature, Lassi"
1964,"Coffee, Brownie"
1965,"Sandwich, Cold Coffee, Milkshake"
1966,"Hot Dog, Veg Burger, Coke, Pickle"
1967,"Pav Bhaji, Lassi, Sweet Corn"
1968,"Veg Fried Rice, Spring Roll, Sprite"
1969,"Pav Bhaji, Lassi"
1970,"Chole Bhature, Lassi, Orange Juice"
1971,"Rasgulla, Tea, Falooda"
1972,"Vada Pav, Tea"
1973,"Hot Dog, Veg Burger, Coke"
1974,"Chole Bhature, Lassi, Pastry"
1975,"Momos, Pepsi"
1976,"Masala Dosa, Filter Coffee"
1977,"Samosa, Tea"
1978,"Noodles, Manchurian, Sprite"
1979,"Coffee, Brownie"
1980,"Pasta, Garlic Bread, Coke, Salad"
1981,"Chole Bhature, Lassi, Orange Juice"
1982,"Pizza, Garlic Bread, Pepsi, Milkshake"
1983,"Momos, Pepsi"
1984,"Vada Pav, Tea"
1985,"Coffee, Brownie, Papad"
1986,"Ice Cream, Brownie"
1987,"Sandwich, Cold Coffee, Sweet Corn"
1988,"Vada Pav, Tea"
1989,"Kachori, Jalebi, Tea, Orange Juice"
1990,"Pasta, Garlic Bread, Coke"
1991,"Noodles, Manchurian, Sprite"
1992,"Idli, Sambar, Filter Coffee"
1993,"Chole Bhature, Lassi"
1994,"Idli, Sambar, Filter Coffee"
1995,"Samosa, Tea"
1996,"Coffee, Brownie"
1997,"Kachori, Jalebi, Tea"
1998,"Biryani, Raita, Gulab Jamun, Pickle"
1999,"Hot Dog, Veg Burger, Coke, Curd"
2000,"Sandwich, Cold Coffee"
2001,"Chole Bhature, Lassi, Muffin"
2002,"Pav Bhaji, Lassi"
2003,"Noodles, Manchurian, Sprite"
2004,"Paneer Tikka, Naan, Coke, French Fries"
2005,"Samosa, Tea"
2006,"Sandwich, Cold Coffee"
2007,"Biryani, Raita, Gulab Jamun, Soup"
2008,"Vada Pav, Tea, Donut"
2009,"Ice Cream, Brownie, Soup"
2010,"Noodles, Manchurian, Sprite"
2011,"Biryani, Raita, Gulab Jamun, Pastry"
2012,"Biryani, Raita, Gulab Jamun"
2013,"Chole Bhature, Lassi, Falooda"
2014,"Pasta, Garlic Bread, Coke"
2015,"Samosa, Tea, Orange Juice"
2016,"Burger, Fries, Coke, Papad"
2017,"Coffee, Brownie"
2018,"Idli, Sambar, Filter Coffee"
2019,"Ice Cream, Brownie"
2020,"Ice Cream, Brownie"
2021,"Ice Cream, Brownie, Muffin"
2022,"Rasgulla, Tea"
2023,"Ice Cream, Brownie, Papad"
2024,"Momos, Pepsi"
2025,"Biryani, Raita, Gulab Jamun"
2026,"Pav Bhaji, Lassi"
2027,"Samosa, Tea, French Fries"
2028,"Noodles, Manchurian, Sprite"
2029,"Samosa, Tea, Donut"
2030,"Ice Cream, Brownie, Donut"
2031,"Momos, Pepsi, Sweet Corn"
2032,"Pasta, Garlic Bread, Coke"
2033,"Burger, Fries, Coke"
2034,"Veg Fried Rice, Spring Roll, Sprite"
2035,"Ice Cream, Brownie"
2036,"Hot Dog, Veg Burger, Coke, Soup"
2037,"Chole Bhature, Lassi, Mineral Water"
2038,"Paneer Tikka, Naan, Coke"
2039,"Noodles, Manchurian, Sprite"
2040,"Kachori, Jalebi, Tea"
2041,"Sandwich, Cold Coffee, Milkshake"
2042,"Paneer Tikka, Naan, Coke, Mineral Water"
2043,"Masala Dosa, Filter Coffee, Chocolate Cake"
2044,"Idli, Sambar, Filter Coffee"
2045,"Sandwich, Cold Coffee"
2046,"Momos, Pepsi, French Fries"
2047,"Samosa, Tea, French Fries"
2048,"Masala Dosa, Filter Coffee"
2049,"Pasta, Garlic Bread, Coke, Muffin"
2050,"Burger, Fries, Coke, Pastry"
2051,"Burger, Fries, Coke"
2052,"Coffee, Brownie"
2053,"Momos, Pepsi"
2054,"Idli, Sambar, Filter Coffee"
2055,"Pizza, Garlic Bread, Pepsi, Pastry"
2056,"Pizza, Garlic Bread, Pepsi, Soup"
2057,"Biryani, Raita, Gulab Jamun"
2058,"Masala Dosa, Filter Coffee, Milkshake"
2059,"Chole Bhature, Lassi"
2060,"Vada Pav, Tea"
2061,"Hot Dog, Veg Burger, Coke"
2062,"Idli, Sambar, Filter Coffee, Salad"
2063,"Veg Fried Rice, Spring Roll, Sprite"
2064,"Vada Pav, Tea"
2065,"Veg Fried Rice, Spring Roll, Sprite"
2066,"Pasta, Garlic Bread, Coke"
2067,"Masala Dosa, Filter Coffee"
2068,"Pizza, Garlic Bread, Pepsi"
2069,"Ice Cream, Brownie"
2070,"Sandwich, Cold Coffee"
2071,"Pasta, Garlic Bread, Coke, Salad"
2072,"Veg Fried Rice, Spring Roll, Sprite"
2073,"Hot Dog, Veg Burger, Coke"
2074,"Coffee, Brownie, Milkshake"
2075,"Rasgulla, Tea, Falooda"
2076,"Burger, Fries, Coke"
2077,"Rasgulla, Tea"
2078,"Momos, Pepsi"
2079,"Samosa, Tea"
2080,"Biryani, Raita, Gulab Jamun, Donut"
2081,"Biryani, Raita, Gulab Jamun"
2082,"Coffee, Brownie"
2083,"Pizza, Garlic Bread, Pepsi, Pastry"
2084,"Ice Cream, Brownie"
2085,"Samosa, Tea"
2086,"Coffee, Brownie"
2087,"Pav Bhaji, Lassi"
2088,"Idli, Sambar, Filter Coffee"
2089,"Burger, Fries, Coke"
2090,"Pav Bhaji, Lassi"
2091,"Sandwich, Cold Coffee"
2092,"Momos, Pepsi"
2093,"Ice Cream, Brownie, Donut"
2094,"Veg Fried Rice, Spring Roll, Sprite"
2095,"Ice Cream, Brownie, Muffin"
2096,"Sandwich, Cold Coffee"
2097,"Kachori, Jalebi, Tea"
2098,"Ice Cream, Brownie, Fruit Salad"
2099,"Samosa, Tea"
2100,"Sandwich, Cold Coffee"
2101,"Idli, Sambar, Filter Coffee, Fruit Salad"
2102,"Chole Bhature, Lassi"
2103,"Burger, Fries, Coke"
2104,"Pav Bhaji, Lassi"
2105,"Hot Dog, Veg Burger, Coke, Mineral Water"
2106,"Ice Cream, Brownie"
2107,"Veg Fried Rice, Spring Roll, Sprite"
2108,"Momos, Pepsi"
2109,"Samosa, Tea"
2110,"Coffee, Brownie"
2111,"Coffee, Brownie, Fruit Salad"
2112,"Biryani, Raita, Gulab Jamun, Pastry"
2113,"Masala Dosa, Filter Coffee"
2114,"Veg Fried Rice, Spring Roll, Sprite, Lemon Soda"
2115,"Vada Pav, Tea, Soup"
2116,"Momos, Pepsi"
2117,"Rasgulla, Tea, Papad"
2118,"Hot Dog, Veg Burger, Coke"
2119,"Biryani, Raita, Gulab Jamun, Lemon Soda"
2120,"Momos, Pepsi"
2121,"Biryani, Raita, Gulab Jamun"
2122,"Pizza, Garlic Bread, Pepsi"
2123,"Paneer Tikka, Naan, Coke"
2124,"Pizza, Garlic Bread, Pepsi"
2125,"Sandwich, Cold Coffee"
2126,"Biryani, Raita, Gulab Jamun"
2127,"Biryani, Raita, Gulab Jamun"
2128,"Noodles, Manchurian, Sprite, Falooda"
2129,"Ice Cream, Brownie"
2130,"Veg Fried Rice, Spring Roll, Sprite"
2131,"Hot Dog, Veg Burger, Coke"
2132,"Masala Dosa, Filter Coffee"
2133,"Ice Cream, Brownie"
2134,"Vada Pav, Tea"
2135,"Rasgulla, Tea"
2136,"Idli, Sambar, Filter Coffee"
2137,"Paneer Tikka, Naan, Coke"
2138,"Masala Dosa, Filter Coffee"
2139,"Ice Cream, Brownie"
2140,"Coffee, Brownie"
2141,"Ice Cream, Brownie"
2142,"Idli, Sambar, Filter Coffee"
2143,"Coffee, Brownie"
2144,"Coffee, Brownie"
2145,"Paneer Tikka, Naan, Coke"
2146,"Paneer Tikka, Naan, Coke"
2147,"Coffee, Brownie"
2148,"Rasgulla, Tea"
2149,"Chole Bhature, Lassi"
2150,"Sandwich, Cold Coffee"
2151,"Idli, Sambar, Filter Coffee"
2152,"Chole Bhature, Lassi, Salad"
2153,"Pasta, Garlic Bread, Coke"
2154,"Noodles, Manchurian, Sprite, Curd"
2155,"Burger, Fries, Coke, Falooda"
2156,"Veg Fried Rice, Spring Roll, Sprite"
2157,"Burger, Fries, Coke"
2158,"Sandwich, Cold Coffee"
2159,"Noodles, Manchurian, Sprite"
2160,"Rasgulla, Tea, Salad"
2161,"Idli, Sambar, Filter Coffee"
2162,"Samosa, Tea, Falooda"
2163,"Hot Dog, Veg Burger, Coke, Curd"
2164,"Biryani, Raita, Gulab Jamun"
2165,"Rasgulla, Tea"
2166,"Biryani, Raita, Gulab Jamun"
2167,"Momos, Pepsi, Chocolate Cake"
2168,"Kachori, Jalebi, Tea"
2169,"Pizza, Garlic Bread, Pepsi"
2170,"Rasgulla, Tea"
2171,"Pizza, Garlic Bread, Pepsi"
2172,"Coffee, Brownie, Sweet Corn"
2173,"Paneer Tikka, Naan, Coke"
2174,"Vada Pav, Tea"
2175,"Hot Dog, Veg Burger, Coke"
2176,"Kachori, Jalebi, Tea"
2177,"Chole Bhature, Lassi, Fruit Salad"
2178,"Pizza, Garlic Bread, Pepsi, Pastry"
2179,"Coffee, Brownie"
2180,"Hot Dog, Veg Burger, Coke, Soup"
2181,"Idli, Sambar, Filter Coffee"
2182,"Rasgulla, Tea"
2183,"Hot Dog, Veg Burger, Coke"
2184,"Chole Bhature, Lassi, Pickle"
2185,"Biryani, Raita, Gulab Jamun"
2186,"Pizza, Garlic Bread, Pepsi"
2187,"Sandwich, Cold Coffee, Fruit Salad"
2188,"Paneer Tikka, Naan, Coke"
2189,"Samosa, Tea"
2190,"Momos, Pepsi"
2191,"Momos, Pepsi"
2192,"Rasgulla, Tea, Fruit Salad"
2193,"Hot Dog, Veg Burger, Coke, Milkshake"
2194,"Paneer Tikka, Naan, Coke, Mineral Water"
2195,"Vada Pav, Tea"
2196,"Paneer Tikka, Naan, Coke"
2197,"Veg Fried Rice, Spring Roll, Sprite, French Fries"
2198,"Pasta, Garlic Bread, Coke, Papad"
2199,"Kachori, Jalebi, Tea"
2200,"Idli, Sambar, Filter Coffee"
2201,"Idli, Sambar, Filter Coffee, Falooda"
2202,"Veg Fried Rice, Spring Roll, Sprite"
2203,"Samosa, Tea"
2204,"Biryani, Raita, Gulab Jamun, Salad"
2205,"Hot Dog, Veg Burger, Coke"
2206,"Samosa, Tea"
2207,"Pasta, Garlic Bread, Coke, Chocolate Cake"
2208,"Pasta, Garlic Bread, Coke"
2209,"Burger, Fries, Coke, Lemon Soda"
2210,"Veg Fried Rice, Spring Roll, Sprite"
2211,"Sandwich, Cold Coffee"
2212,"Kachori, Jalebi, Tea"
2213,"Samosa, Tea"
2214,"Burger, Fries, Coke"
2215,"Noodles, Manchurian, Sprite, Orange Juice"
2216,"Pizza, Garlic Bread, Pepsi, Milkshake"
2217,"Pizza, Garlic Bread, Pepsi"
2218,"Burger, Fries, Coke, Milkshake"
2219,"Pav Bhaji, Lassi"
2220,"Burger, Fries, Coke, Soup"
2221,"Hot Dog, Veg Burger, Coke"
2222,"Noodles, Manchurian, Sprite"
2223,"Vada Pav, Tea"
2224,"Momos, Pepsi"
2225,"Ice Cream, Brownie, Lemon Soda"
2226,"Noodles, Manchurian, Sprite"
2227,"Ice Cream, Brownie"
2228,"Burger, Fries, Coke, Fruit Salad"
2229,"Pasta, Garlic Bread, Coke, Soup"
2230,"Masala Dosa, Filter Coffee, Papad"
2231,"Pav Bhaji, Lassi"
2232,"Hot Dog, Veg Burger, Coke"
2233,"Noodles, Manchurian, Sprite, Salad"
2234,"Sandwich, Cold Coffee"
2235,"Burger, Fries, Coke"
2236,"Sandwich, Cold Coffee, Pickle"
2237,"Chole Bhature, Lassi"
2238,"Biryani, Raita, Gulab Jamun"
2239,"Noodles, Manchurian, Sprite"
2240,"Kachori, Jalebi, Tea"
2241,"Hot Dog, Veg Burger, Coke"
2242,"Rasgulla, Tea, Curd"
2243,"Kachori, Jalebi, Tea, Pastry"
2244,"Veg Fried Rice, Spring Roll, Sprite"
2245,"Rasgulla, Tea"
2246,"Veg Fried Rice, Spring Roll, Sprite"
2247,"Pasta, Garlic Bread, Coke"
2248,"Noodles, Manchurian, Sprite"
2249,"Paneer Tikka, Naan, Coke"
2250,"Samosa, Tea"
2251,"Rasgulla, Tea"
2252,"Coffee, Brownie, Chocolate Cake"
2253,"Masala Dosa, Filter Coffee, Pastry"
2254,"Burger, Fries, Coke"
2255,"Paneer Tikka, Naan, Coke"
2256,"Pasta, Garlic Bread, Coke"
2257,"Sandwich, Cold Coffee, Lemon Soda"
2258,"Vada Pav, Tea, French Fries"
2259,"Kachori, Jalebi, Tea"
2260,"Kachori, Jalebi, Tea"
2261,"Hot Dog, Veg Burger, Coke"
2262,"Hot Dog, Veg Burger, Coke"
2263,"Pav Bhaji, Lassi, Donut"
2264,"Samosa, Tea"
2265,"Kachori, Jalebi, Tea"
2266,"Pav Bhaji, Lassi, Soup"
2267,"Momos, Pepsi"
2268,"Masala Dosa, Filter Coffee, Salad"
2269,"Paneer Tikka, Naan, Coke"
2270,"Burger, Fries, Coke"
2271,"Paneer Tikka, Naan, Coke, Lemon Soda"
2272,"Veg Fried Rice, Spring Roll, Sprite, Muffin"
2273,"Kachori, Jalebi, Tea"
2274,"Coffee, Brownie"
2275,"Hot Dog, Veg Burger, Coke"
2276,"Pizza, Garlic Bread, Pepsi"
2277,"Chole Bhature, Lassi"
2278,"Chole Bhature, Lassi"
2279,"Rasgulla, Tea"
2280,"Noodles, Manchurian, Sprite"
2281,"Pizza, Garlic Bread, Pepsi"
2282,"Idli, Sambar, Filter Coffee"
2283,"Pizza, Garlic Bread, Pepsi"
2284,"Hot Dog, Veg Burger, Coke"
2285,"Chole Bhature, Lassi"
2286,"Pizza, Garlic Bread, Pepsi"
2287,"Noodles, Manchurian, Sprite"
2288,"Pizza, Garlic Bread, Pepsi, Muffin"
2289,"Chole Bhature, Lassi"
2290,"Pasta, Garlic Bread, Coke"
2291,"Paneer Tikka, Naan, Coke, Salad"
2292,"Noodles, Manchurian, Sprite"
2293,"Idli, Sambar, Filter Coffee"
2294,"Idli, Sambar, Filter Coffee, Fruit Salad"
2295,"Vada Pav, Tea, Pastry"
2296,"Chole Bhature, Lassi"
2297,"Idli, Sambar, Filter Coffee, Muffin"
2298,"Rasgulla, Tea"
2299,"Veg Fried Rice, Spring Roll, Sprite"
2300,"Biryani, Raita, Gulab Jamun, Orange Juice"
2301,"Vada Pav, Tea, Muffin"
2302,"Pav Bhaji, Lassi, Soup"
2303,"Noodles, Manchurian, Sprite"
2304,"Masala Dosa, Filter Coffee"
2305,"Chole Bhature, Lassi, Orange Juice"
2306,"Coffee, Brownie"
2307,"Samosa, Tea, Pastry"
2308,"Masala Dosa, Filter Coffee"
2309,"Pizza, Garlic Bread, Pepsi"
2310,"Pasta, Garlic Bread, Coke"
2311,"Idli, Sambar, Filter Coffee, Orange Juice"
2312,"Vada Pav, Tea"
2313,"Veg Fried Rice, Spring Roll, Sprite, Milkshake"
2314,"Burger, Fries, Coke"
2315,"Momos, Pepsi"
2316,"Burger, Fries, Coke"
2317,"Momos, Pepsi, Donut"
2318,"Idli, Sambar, Filter Coffee"
2319,"Biryani, Raita, Gulab Jamun"
2320,"Burger, Fries, Coke, Milkshake"
2321,"Kachori, Jalebi, Tea"
2322,"Veg Fried Rice, Spring Roll, Sprite, Pastry"
2323,"Pizza, Garlic Bread, Pepsi"
2324,"Pizza, Garlic Bread, Pepsi, Salad"
2325,"Rasgulla, Tea"
2326,"Pasta, Garlic Bread, Coke, Mineral Water"
2327,"Pizza, Garlic Bread, Pepsi, Orange Juice"
2328,"Masala Dosa, Filter Coffee"
2329,"Kachori, Jalebi, Tea"
2330,"Kachori, Jalebi, Tea"
2331,"Ice Cream, Brownie, Muffin"
2332,"Rasgulla, Tea"
2333,"Pizza, Garlic Bread, Pepsi, Curd"
2334,"Coffee, Brownie"
2335,"Chole Bhature, Lassi"
2336,"Paneer Tikka, Naan, Coke"
2337,"Biryani, Raita, Gulab Jamun, Pastry"
2338,"Vada Pav, Tea"
2339,"Sandwich, Cold Coffee, Sweet Corn"
2340,"Noodles, Manchurian, Sprite, Lemon Soda"
2341,"Kachori, Jalebi, Tea, Fruit Salad"
2342,"Biryani, Raita, Gulab Jamun"
2343,"Kachori, Jalebi, Tea"
2344,"Pasta, Garlic Bread, Coke"
2345,"Coffee, Brownie, Papad"
2346,"Samosa, Tea"
2347,"Momos, Pepsi"
2348,"Momos, Pepsi"
2349,"Masala Dosa, Filter Coffee"
2350,"Hot Dog, Veg Burger, Coke"
2351,"Veg Fried Rice, Spring Roll, Sprite, French Fries"
2352,"Idli, Sambar, Filter Coffee"
2353,"Vada Pav, Tea"
2354,"Veg Fried Rice, Spring Roll, Sprite"
2355,"Paneer Tikka, Naan, Coke"
2356,"Coffee, Brownie, Lemon Soda"
2357,"Burger, Fries, Coke"
2358,"Pasta, Garlic Bread, Coke, Mineral Water"
2359,"Pasta, Garlic Bread, Coke, Pickle"
2360,"Burger, Fries, Coke, Pickle"
2361,"Coffee, Brownie"
2362,"Rasgulla, Tea"
2363,"Burger, Fries, Coke"
2364,"Veg Fried Rice, Spring Roll, Sprite, Pickle"
2365,"Momos, Pepsi"
2366,"Pizza, Garlic Bread, Pepsi"
2367,"Momos, Pepsi, Muffin"
2368,"Ice Cream, Brownie"
2369,"Idli, Sambar, Filter Coffee"
2370,"Paneer Tikka, Naan, Coke"
2371,"Pizza, Garlic Bread, Pepsi"
2372,"Pasta, Garlic Bread, Coke"
2373,"Coffee, Brownie"
2374,"Burger, Fries, Coke, Pickle"
2375,"Pav Bhaji, Lassi, Pastry"
2376,"Sandwich, Cold Coffee"
2377,"Coffee, Brownie"
2378,"Ice Cream, Brownie"
2379,"Rasgulla, Tea"
2380,"Masala Dosa, Filter Coffee"
2381,"Pasta, Garlic Bread, Coke"
2382,"Coffee, Brownie"
2383,"Sandwich, Cold Coffee"
2384,"Momos, Pepsi"
2385,"Pav Bhaji, Lassi"
2386,"Pasta, Garlic Bread, Coke, Curd"
2387,"Masala Dosa, Filter Coffee, Salad"
2388,"Veg Fried Rice, Spring Roll, Sprite"
2389,"Idli, Sambar, Filter Coffee"
2390,"Momos, Pepsi"
2391,"Samosa, Tea, Donut"
2392,"Noodles, Manchurian, Sprite, Pickle"
2393,"Samosa, Tea"
2394,"Vada Pav, Tea"
2395,"Noodles, Manchurian, Sprite"
2396,"Samosa, Tea, Salad"
2397,"Idli, Sambar, Filter Coffee"
2398,"Noodles, Manchurian, Sprite, Curd"
2399,"Pizza, Garlic Bread, Pepsi"
2400,"Kachori, Jalebi, Tea"
2401,"Coffee, Brownie"
2402,"Pizza, Garlic Bread, Pepsi, Curd"
2403,"Burger, Fries, Coke"
2404,"Pasta, Garlic Bread, Coke"
2405,"Veg Fried Rice, Spring Roll, Sprite, Lemon Soda"
2406,"Pasta, Garlic Bread, Coke, Pickle"
2407,"Idli, Sambar, Filter Coffee"
2408,"Sandwich, Cold Coffee, Milkshake"
2409,"Vada Pav, Tea, Fruit Salad"
2410,"Vada Pav, Tea, Papad"
2411,"Ice Cream, Brownie, Pastry"
2412,"Pasta, Garlic Bread, Coke"
2413,"Masala Dosa, Filter Coffee, Pickle"
2414,"Ice Cream, Brownie"
2415,"Samosa, Tea, Salad"
2416,"Vada Pav, Tea"
2417,"Biryani, Raita, Gulab Jamun"
2418,"Masala Dosa, Filter Coffee"
2419,"Rasgulla, Tea"
2420,"Idli, Sambar, Filter Coffee"
2421,"Pasta, Garlic Bread, Coke, Lemon Soda"
2422,"Ice Cream, Brownie, Muffin"
2423,"Rasgulla, Tea, Muffin"
2424,"Vada Pav, Tea"
2425,"Idli, Sambar, Filter Coffee"
2426,"Hot Dog, Veg Burger, Coke, Milkshake"
2427,"Pav Bhaji, Lassi"
2428,"Coffee, Brownie"
2429,"Coffee, Brownie"
2430,"Burger, Fries, Coke, Chocolate Cake"
2431,"Pav Bhaji, Lassi"
2432,"Masala Dosa, Filter Coffee, Papad"
2433,"Kachori, Jalebi, Tea"
2434,"Noodles, Manchurian, Sprite, Chocolate Cake"
2435,"Coffee, Brownie"
2436,"Biryani, Raita, Gulab Jamun"
2437,"Ice Cream, Brownie"
2438,"Rasgulla, Tea"
2439,"Kachori, Jalebi, Tea, Orange Juice"
2440,"Momos, Pepsi"
2441,"Coffee, Brownie, Sweet Corn"
2442,"Paneer Tikka, Naan, Coke"
2443,"Coffee, Brownie"
2444,"Hot Dog, Veg Burger, Coke, Mineral Water"
2445,"Rasgulla, Tea"
2446,"Vada Pav, Tea"
2447,"Idli, Sambar, Filter Coffee, Chocolate Cake"
2448,"Idli, Sambar, Filter Coffee, Soup"
2449,"Biryani, Raita, Gulab Jamun"
2450,"Kachori, Jalebi, Tea"
2451,"Chole Bhature, Lassi, Salad"
2452,"Biryani, Raita, Gulab Jamun, Pastry"
2453,"Rasgulla, Tea"
2454,"Burger, Fries, Coke"
2455,"Samosa, Tea"
2456,"Pasta, Garlic Bread, Coke"
2457,"Rasgulla, Tea"
2458,"Veg Fried Rice, Spring Roll, Sprite"
2459,"Coffee, Brownie, Curd"
2460,"Paneer Tikka, Naan, Coke"
2461,"Pav Bhaji, Lassi"
2462,"Rasgulla, Tea, Fruit Salad"
2463,"Chole Bhature, Lassi"
2464,"Pasta, Garlic Bread, Coke, Salad"
2465,"Burger, Fries, Coke"
2466,"Pav Bhaji, Lassi, Curd"
2467,"Burger, Fries, Coke, Soup"
2468,"Coffee, Brownie"
2469,"Chole Bhature, Lassi"
2470,"Ice Cream, Brownie, Orange Juice"
2471,"Momos, Pepsi, Soup"
2472,"Pav Bhaji, Lassi"
2473,"Samosa, Tea, Pastry"
2474,"Samosa, Tea, French Fries"
2475,"Samosa, Tea"
2476,"Momos, Pepsi"
2477,"Samosa, Tea, Sweet Corn"
2478,"Idli, Sambar, Filter Coffee"
2479,"Kachori, Jalebi, Tea"
2480,"Kachori, Jalebi, Tea, Fruit Salad"
2481,"Paneer Tikka, Naan, Coke"
2482,"Idli, Sambar, Filter Coffee"
2483,"Hot Dog, Veg Burger, Coke, French Fries"
2484,"Rasgulla, Tea"
2485,"Hot Dog, Veg Burger, Coke"
2486,"Sandwich, Cold Coffee"
2487,"Ice Cream, Brownie"
2488,"Pizza, Garlic Bread, Pepsi"
2489,"Rasgulla, Tea"
2490,"Pav Bhaji, Lassi, Donut"
2491,"Biryani, Raita, Gulab Jamun, Fruit Salad"
2492,"Sandwich, Cold Coffee"
2493,"Biryani, Raita, Gulab Jamun"
2494,"Kachori, Jalebi, Tea, Donut"
2495,"Biryani, Raita, Gulab Jamun"
2496,"Ice Cream, Brownie"
2497,"Pasta, Garlic Bread, Coke"
2498,"Coffee, Brownie"
2499,"Burger, Fries, Coke"
2500,"Noodles, Manchurian, Sprite"
2501,"Rasgulla, Tea"
2502,"Paneer Tikka, Naan, Coke"
2503,"Pasta, Garlic Bread, Coke, Salad"
2504,"Kachori, Jalebi, Tea"
2505,"Rasgulla, Tea, Donut"
2506,"Rasgulla, Tea, Salad"
2507,"Pasta, Garlic Bread, Coke"
2508,"Kachori, Jalebi, Tea, Donut"
2509,"Biryani, Raita, Gulab Jamun, Mineral Water"
2510,"Sandwich, Cold Coffee, Milkshake"
2511,"Sandwich, Cold Coffee"
2512,"Burger, Fries, Coke"
2513,"Kachori, Jalebi, Tea, Pastry"
2514,"Idli, Sambar, Filter Coffee"
2515,"Masala Dosa, Filter Coffee, Falooda"
2516,"Momos, Pepsi, Fruit Salad"
2517,"Pizza, Garlic Bread, Pepsi, Mineral Water"
2518,"Samosa, Tea"
2519,"Samosa, Tea"
2520,"Paneer Tikka, Naan, Coke"
2521,"Hot Dog, Veg Burger, Coke"
2522,"Masala Dosa, Filter Coffee, Papad"
2523,"Pizza, Garlic Bread, Pepsi"
2524,"Vada Pav, Tea, Muffin"
2525,"Chole Bhature, Lassi"
2526,"Momos, Pepsi"
2527,"Ice Cream, Brownie, Soup"
2528,"Momos, Pepsi, Fruit Salad"
2529,"Paneer Tikka, Naan, Coke, Muffin"
2530,"Chole Bhature, Lassi"
2531,"Noodles, Manchurian, Sprite"
2532,"Pizza, Garlic Bread, Pepsi, Papad"
2533,"Paneer Tikka, Naan, Coke"
2534,"Sandwich, Cold Coffee, Milkshake"
2535,"Vada Pav, Tea, Soup"
2536,"Idli, Sambar, Filter Coffee"
2537,"Hot Dog, Veg Burger, Coke"
2538,"Rasgulla, Tea"
2539,"Noodles, Manchurian, Sprite, Orange Juice"
2540,"Coffee, Brownie"
2541,"Burger, Fries, Coke"
2542,"Burger, Fries, Coke"
2543,"Noodles, Manchurian, Sprite, Muffin"
2544,"Pav Bhaji, Lassi, Curd"
2545,"Sandwich, Cold Coffee, French Fries"
2546,"Kachori, Jalebi, Tea, Lemon Soda"
2547,"Kachori, Jalebi, Tea"
2548,"Vada Pav, Tea, Pastry"
2549,"Chole Bhature, Lassi"
2550,"Rasgulla, Tea"
2551,"Masala Dosa, Filter Coffee"
2552,"Masala Dosa, Filter Coffee, Muffin"
2553,"Biryani, Raita, Gulab Jamun"
2554,"Sandwich, Cold Coffee"
2555,"Coffee, Brownie, Mineral Water"
2556,"Sandwich, Cold Coffee"
2557,"Chole Bhature, Lassi"
2558,"Pizza, Garlic Bread, Pepsi, Milkshake"
2559,"Masala Dosa, Filter Coffee"
2560,"Momos, Pepsi"
2561,"Veg Fried Rice, Spring Roll, Sprite"
2562,"Masala Dosa, Filter Coffee"
2563,"Vada Pav, Tea, Sweet Corn"
2564,"Veg Fried Rice, Spring Roll, Sprite"
2565,"Vada Pav, Tea"
2566,"Sandwich, Cold Coffee, Mineral Water"
2567,"Biryani, Raita, Gulab Jamun"
2568,"Sandwich, Cold Coffee"
2569,"Burger, Fries, Coke"
2570,"Samosa, Tea"
2571,"Burger, Fries, Coke"
2572,"Chole Bhature, Lassi, Pickle"
2573,"Chole Bhature, Lassi"
2574,"Noodles, Manchurian, Sprite"
2575,"Momos, Pepsi"
2576,"Chole Bhature, Lassi"
2577,"Biryani, Raita, Gulab Jamun"
2578,"Burger, Fries, Coke"
2579,"Momos, Pepsi, Papad"
2580,"Coffee, Brownie"
2581,"Chole Bhature, Lassi, Mineral Water"
2582,"Pav Bhaji, Lassi"
2583,"Coffee, Brownie, Muffin"
2584,"Pasta, Garlic Bread, Coke"
2585,"Masala Dosa, Filter Coffee"
2586,"Chole Bhature, Lassi"
2587,"Pasta, Garlic Bread, Coke"
2588,"Vada Pav, Tea"
2589,"Pav Bhaji, Lassi"
2590,"Idli, Sambar, Filter Coffee"
2591,"Samosa, Tea, French Fries"
2592,"Rasgulla, Tea, Soup"
2593,"Biryani, Raita, Gulab Jamun"
2594,"Pasta, Garlic Bread, Coke"
2595,"Idli, Sambar, Filter Coffee"
2596,"Burger, Fries, Coke, Salad"
2597,"Coffee, Brownie"
2598,"Pizza, Garlic Bread, Pepsi"
2599,"Veg Fried Rice, Spring Roll, Sprite"
2600,"Noodles, Manchurian, Sprite"
2601,"Ice Cream, Brownie, Falooda"
2602,"Biryani, Raita, Gulab Jamun, Pastry"
2603,"Momos, Pepsi"
2604,"Momos, Pepsi"
2605,"Kachori, Jalebi, Tea, Pastry"
2606,"Burger, Fries, Coke, Salad"
2607,"Pasta, Garlic Bread, Coke"
2608,"Vada Pav, Tea"
2609,"Masala Dosa, Filter Coffee"
2610,"Biryani, Raita, Gulab Jamun"
2611,"Vada Pav, Tea, Falooda"
2612,"Biryani, Raita, Gulab Jamun"
2613,"Paneer Tikka, Naan, Coke, Soup"
2614,"Coffee, Brownie, Pastry"
2615,"Coffee, Brownie"
2616,"Veg Fried Rice, Spring Roll, Sprite"
2617,"Rasgulla, Tea, Mineral Water"
2618,"Vada Pav, Tea, Sweet Corn"
2619,"Masala Dosa, Filter Coffee"
2620,"Ice Cream, Brownie, Falooda"
2621,"Rasgulla, Tea, Chocolate Cake"
2622,"Kachori, Jalebi, Tea"
2623,"Masala Dosa, Filter Coffee, Donut"
2624,"Biryani, Raita, Gulab Jamun, Orange Juice"
2625,"Biryani, Raita, Gulab Jamun"
2626,"Rasgulla, Tea"
2627,"Paneer Tikka, Naan, Coke"
2628,"Momos, Pepsi"
2629,"Veg Fried Rice, Spring Roll, Sprite, Milkshake"
2630,"Noodles, Manchurian, Sprite"
2631,"Hot Dog, Veg Burger, Coke"
2632,"Kachori, Jalebi, Tea"
2633,"Kachori, Jalebi, Tea, Donut"
2634,"Kachori, Jalebi, Tea"
2635,"Pasta, Garlic Bread, Coke, French Fries"
2636,"Ice Cream, Brownie, Chocolate Cake"
2637,"Noodles, Manchurian, Sprite"
2638,"Kachori, Jalebi, Tea"
2639,"Ice Cream, Brownie"
2640,"Idli, Sambar, Filter Coffee"
2641,"Veg Fried Rice, Spring Roll, Sprite, Lemon Soda"
2642,"Vada Pav, Tea"
2643,"Momos, Pepsi"
2644,"Masala Dosa, Filter Coffee"
2645,"Pizza, Garlic Bread, Pepsi, Papad"
2646,"Pasta, Garlic Bread, Coke, Milkshake"
2647,"Coffee, Brownie"
2648,"Idli, Sambar, Filter Coffee, Salad"
2649,"Ice Cream, Brownie, French Fries"
2650,"Momos, Pepsi"
2651,"Biryani, Raita, Gulab Jamun"
2652,"Idli, Sambar, Filter Coffee"
2653,"Coffee, Brownie"
2654,"Coffee, Brownie, Chocolate Cake"
2655,"Coffee, Brownie, Falooda"
2656,"Paneer Tikka, Naan, Coke"
2657,"Chole Bhature, Lassi"
2658,"Biryani, Raita, Gulab Jamun"
2659,"Momos, Pepsi, Sweet Corn"
2660,"Samosa, Tea, Muffin"
2661,"Masala Dosa, Filter Coffee"
2662,"Samosa, Tea"
2663,"Veg Fried Rice, Spring Roll, Sprite"
2664,"Sandwich, Cold Coffee, Pastry"
2665,"Pizza, Garlic Bread, Pepsi"
2666,"Pizza, Garlic Bread, Pepsi, Chocolate Cake"
2667,"Idli, Sambar, Filter Coffee"
2668,"Masala Dosa, Filter Coffee"
2669,"Hot Dog, Veg Burger, Coke"
2670,"Kachori, Jalebi, Tea, Orange Juice"
2671,"Rasgulla, Tea"
2672,"Hot Dog, Veg Burger, Coke, Fruit Salad"
2673,"Momos, Pepsi"
2674,"Veg Fried Rice, Spring Roll, Sprite"
2675,"Idli, Sambar, Filter Coffee, Sweet Corn"
2676,"Hot Dog, Veg Burger, Coke, Sweet Corn"
2677,"Rasgulla, Tea, Pastry"
2678,"Rasgulla, Tea"
2679,"Paneer Tikka, Naan, Coke"
2680,"Pizza, Garlic Bread, Pepsi"
2681,"Noodles, Manchurian, Sprite, Fruit Salad"
2682,"Chole Bhature, Lassi"
2683,"Vada Pav, Tea"
2684,"Hot Dog, Veg Burger, Coke, French Fries"
2685,"Paneer Tikka, Naan, Coke"
2686,"Samosa, Tea"
2687,"Hot Dog, Veg Burger, Coke"
2688,"Biryani, Raita, Gulab Jamun, Curd"
2689,"Masala Dosa, Filter Coffee"
2690,"Rasgulla, Tea"
2691,"Burger, Fries, Coke"
2692,"Idli, Sambar, Filter Coffee"
2693,"Chole Bhature, Lassi, Papad"
2694,"Idli, Sambar, Filter Coffee"
2695,"Burger, Fries, Coke"
2696,"Biryani, Raita, Gulab Jamun"
2697,"Coffee, Brownie"
2698,"Pasta, Garlic Bread, Coke"
2699,"Sandwich, Cold Coffee"
2700,"Kachori, Jalebi, Tea"
2701,"Veg Fried Rice, Spring Roll, Sprite"
2702,"Biryani, Raita, Gulab Jamun"
2703,"Coffee, Brownie"
2704,"Pizza, Garlic Bread, Pepsi"
2705,"Pav Bhaji, Lassi"
2706,"Vada Pav, Tea"
2707,"Idli, Sambar, Filter Coffee"
2708,"Pav Bhaji, Lassi"
2709,"Ice Cream, Brownie"
2710,"Ice Cream, Brownie"
2711,"Veg Fried Rice, Spring Roll, Sprite, Pickle"
2712,"Hot Dog, Veg Burger, Coke"
2713,"Momos, Pepsi"
2714,"Rasgulla, Tea"
2715,"Veg Fried Rice, Spring Roll, Sprite"
2716,"Hot Dog, Veg Burger, Coke, Milkshake"
2717,"Noodles, Manchurian, Sprite"
2718,"Sandwich, Cold Coffee, Papad"
2719,"Pav Bhaji, Lassi"
2720,"Noodles, Manchurian, Sprite"
2721,"Vada Pav, Tea"
2722,"Ice Cream, Brownie"
2723,"Ice Cream, Brownie"
2724,"Idli, Sambar, Filter Coffee"
2725,"Biryani, Raita, Gulab Jamun, Muffin"
2726,"Biryani, Raita, Gulab Jamun, Orange Juice"
2727,"Pasta, Garlic Bread, Coke"
2728,"Biryani, Raita, Gulab Jamun, Milkshake"
2729,"Vada Pav, Tea"
2730,"Momos, Pepsi, Lemon Soda"
2731,"Noodles, Manchurian, Sprite"
2732,"Burger, Fries, Coke, Pastry"
2733,"Momos, Pepsi, Muffin"
2734,"Burger, Fries, Coke, Mineral Water"
2735,"Burger, Fries, Coke"
2736,"Hot Dog, Veg Burger, Coke"
2737,"Noodles, Manchurian, Sprite"
2738,"Paneer Tikka, Naan, Coke"
2739,"Coffee, Brownie"
2740,"Noodles, Manchurian, Sprite"
2741,"Idli, Sambar, Filter Coffee"
2742,"Rasgulla, Tea, Curd"
2743,"Masala Dosa, Filter Coffee"
2744,"Hot Dog, Veg Burger, Coke"
2745,"Pasta, Garlic Bread, Coke"
2746,"Pizza, Garlic Bread, Pepsi, Curd"
2747,"Idli, Sambar, Filter Coffee"
2748,"Kachori, Jalebi, Tea"
2749,"Ice Cream, Brownie, Orange Juice"
2750,"Samosa, Tea, Chocolate Cake"
2751,"Pizza, Garlic Bread, Pepsi"
2752,"Rasgulla, Tea, Milkshake"
2753,"Pav Bhaji, Lassi, Salad"
2754,"Coffee, Brownie"
2755,"Samosa, Tea"
2756,"Ice Cream, Brownie"
2757,"Ice Cream, Brownie, French Fries"
2758,"Chole Bhature, Lassi"
2759,"Samosa, Tea"
2760,"Coffee, Brownie, Fruit Salad"
2761,"Coffee, Brownie"
2762,"Pasta, Garlic Bread, Coke"
2763,"Pasta, Garlic Bread, Coke"
2764,"Rasgulla, Tea"
2765,"Rasgulla, Tea"
2766,"Idli, Sambar, Filter Coffee, Chocolate Cake"
2767,"Momos, Pepsi"
2768,"Samosa, Tea"
2769,"Vada Pav, Tea, Soup"
2770,"Kachori, Jalebi, Tea"
2771,"Idli, Sambar, Filter Coffee"
2772,"Coffee, Brownie, Lemon Soda"
2773,"Rasgulla, Tea"
2774,"Sandwich, Cold Coffee, Mineral Water"
2775,"Ice Cream, Brownie"
2776,"Biryani, Raita, Gulab Jamun"
2777,"Chole Bhature, Lassi, Pickle"
2778,"Kachori, Jalebi, Tea"
2779,"Pizza, Garlic Bread, Pepsi"
2780,"Pav Bhaji, Lassi"
2781,"Paneer Tikka, Naan, Coke"
2782,"Pav Bhaji, Lassi, Papad"
2783,"Pav Bhaji, Lassi, Muffin"
2784,"Ice Cream, Brownie, Muffin"
2785,"Paneer Tikka, Naan, Coke"
2786,"Pasta, Garlic Bread, Coke, Sweet Corn"
2787,"Paneer Tikka, Naan, Coke, Mineral Water"
2788,"Samosa, Tea, Donut"
2789,"Noodles, Manchurian, Sprite"
2790,"Biryani, Raita, Gulab Jamun"
2791,"Rasgulla, Tea"
2792,"Biryani, Raita, Gulab Jamun, Milkshake"
2793,"Paneer Tikka, Naan, Coke, Muffin"
2794,"Rasgulla, Tea"
2795,"Samosa, Tea, Soup"
2796,"Pasta, Garlic Bread, Coke"
2797,"Pizza, Garlic Bread, Pepsi"
2798,"Pasta, Garlic Bread, Coke"
2799,"Pasta, Garlic Bread, Coke"
2800,"Idli, Sambar, Filter Coffee, French Fries"
2801,"Samosa, Tea, Donut"
2802,"Vada Pav, Tea"
2803,"Pasta, Garlic Bread, Coke"
2804,"Momos, Pepsi"
2805,"Hot Dog, Veg Burger, Coke, Milkshake"
2806,"Momos, Pepsi"
2807,"Biryani, Raita, Gulab Jamun"
2808,"Pav Bhaji, Lassi"
2809,"Rasgulla, Tea"
2810,"Sandwich, Cold Coffee"
2811,"Momos, Pepsi"
2812,"Vada Pav, Tea"
2813,"Rasgulla, Tea, Milkshake"
2814,"Masala Dosa, Filter Coffee"
2815,"Samosa, Tea, Pastry"
2816,"Pav Bhaji, Lassi, Milkshake"
2817,"Pav Bhaji, Lassi"
2818,"Pav Bhaji, Lassi, Curd"
2819,"Noodles, Manchurian, Sprite"
2820,"Biryani, Raita, Gulab Jamun"
2821,"Masala Dosa, Filter Coffee"
2822,"Kachori, Jalebi, Tea"
2823,"Ice Cream, Brownie, Pickle"
2824,"Pasta, Garlic Bread, Coke, Papad"
2825,"Vada Pav, Tea"
2826,"Pav Bhaji, Lassi"
2827,"Burger, Fries, Coke, Curd"
2828,"Pav Bhaji, Lassi"
2829,"Paneer Tikka, Naan, Coke, Orange Juice"
2830,"Vada Pav, Tea, Fruit Salad"
2831,"Hot Dog, Veg Burger, Coke"
2832,"Ice Cream, Brownie"
2833,"Noodles, Manchurian, Sprite"
2834,"Ice Cream, Brownie"
2835,"Vada Pav, Tea"
2836,"Biryani, Raita, Gulab Jamun, Pastry"
2837,"Burger, Fries, Coke"
2838,"Pasta, Garlic Bread, Coke"
2839,"Samosa, Tea"
2840,"Kachori, Jalebi, Tea"
2841,"Coffee, Brownie, Curd"
2842,"Burger, Fries, Coke"
2843,"Vada Pav, Tea, Pastry"
2844,"Hot Dog, Veg Burger, Coke, Lemon Soda"
2845,"Samosa, Tea"
2846,"Paneer Tikka, Naan, Coke"
2847,"Vada Pav, Tea, Donut"
2848,"Paneer Tikka, Naan, Coke, Chocolate Cake"
2849,"Pizza, Garlic Bread, Pepsi"
2850,"Noodles, Manchurian, Sprite"
2851,"Momos, Pepsi, Milkshake"
2852,"Pizza, Garlic Bread, Pepsi, French Fries"
2853,"Vada Pav, Tea"
2854,"Kachori, Jalebi, Tea, Lemon Soda"
2855,"Masala Dosa, Filter Coffee"
2856,"Burger, Fries, Coke, Milkshake"
2857,"Rasgulla, Tea, Orange Juice"
2858,"Noodles, Manchurian, Sprite"
2859,"Kachori, Jalebi, Tea, Mineral Water"
2860,"Vada Pav, Tea"
2861,"Burger, Fries, Coke"
2862,"Veg Fried Rice, Spring Roll, Sprite"
2863,"Masala Dosa, Filter Coffee"
2864,"Ice Cream, Brownie, Chocolate Cake"
2865,"Veg Fried Rice, Spring Roll, Sprite"
2866,"Momos, Pepsi"
2867,"Rasgulla, Tea, Chocolate Cake"
2868,"Masala Dosa, Filter Coffee"
2869,"Chole Bhature, Lassi"
2870,"Noodles, Manchurian, Sprite, Chocolate Cake"
2871,"Coffee, Brownie, Chocolate Cake"
2872,"Noodles, Manchurian, Sprite, Papad"
2873,"Pasta, Garlic Bread, Coke"
2874,"Pizza, Garlic Bread, Pepsi, Donut"
2875,"Vada Pav, Tea"
2876,"Idli, Sambar, Filter Coffee"
2877,"Pasta, Garlic Bread, Coke"
2878,"Idli, Sambar, Filter Coffee, Sweet Corn"
2879,"Pasta, Garlic Bread, Coke"
2880,"Paneer Tikka, Naan, Coke, Mineral Water"
2881,"Momos, Pepsi"
2882,"Pav Bhaji, Lassi, Donut"
2883,"Vada Pav, Tea"
2884,"Noodles, Manchurian, Sprite"
2885,"Biryani, Raita, Gulab Jamun, Soup"
2886,"Chole Bhature, Lassi"
2887,"Vada Pav, Tea"
2888,"Masala Dosa, Filter Coffee, Lemon Soda"
2889,"Coffee, Brownie, Soup"
2890,"Vada Pav, Tea, Sweet Corn"
2891,"Momos, Pepsi, Milkshake"
2892,"Chole Bhature, Lassi"
2893,"Kachori, Jalebi, Tea"
2894,"Momos, Pepsi"
2895,"Samosa, Tea"
2896,"Vada Pav, Tea, Donut"
2897,"Momos, Pepsi, Pastry"
2898,"Burger, Fries, Coke, Salad"
2899,"Biryani, Raita, Gulab Jamun"
2900,"Burger, Fries, Coke"
2901,"Chole Bhature, Lassi"
2902,"Coffee, Brownie, Chocolate Cake"
2903,"Biryani, Raita, Gulab Jamun"
2904,"Noodles, Manchurian, Sprite"
2905,"Idli, Sambar, Filter Coffee, Donut"
2906,"Momos, Pepsi"
2907,"Ice Cream, Brownie, French Fries"
2908,"Pizza, Garlic Bread, Pepsi"
2909,"Vada Pav, Tea"
2910,"Coffee, Brownie"
2911,"Idli, Sambar, Filter Coffee"
2912,"Pizza, Garlic Bread, Pepsi, Curd"
2913,"Masala Dosa, Filter Coffee"
2914,"Samosa, Tea, Soup"
2915,"Momos, Pepsi"
2916,"Rasgulla, Tea"
2917,"Ice Cream, Brownie"
2918,"Rasgulla, Tea"
2919,"Ice Cream, Brownie"
2920,"Noodles, Manchurian, Sprite, Milkshake"
2921,"Momos, Pepsi"
2922,"Chole Bhature, Lassi"
2923,"Pav Bhaji, Lassi"
2924,"Pasta, Garlic Bread, Coke, French Fries"
2925,"Rasgulla, Tea, Papad"
2926,"Pav Bhaji, Lassi"
2927,"Rasgulla, Tea, Pickle"
2928,"Chole Bhature, Lassi, Papad"
2929,"Pav Bhaji, Lassi"
2930,"Pizza, Garlic Bread, Pepsi"
2931,"Hot Dog, Veg Burger, Coke, Curd"
2932,"Rasgulla, Tea, Mineral Water"
2933,"Pasta, Garlic Bread, Coke, Orange Juice"
2934,"Burger, Fries, Coke"
2935,"Pizza, Garlic Bread, Pepsi"
2936,"Paneer Tikka, Naan, Coke"
2937,"Paneer Tikka, Naan, Coke, Donut"
2938,"Rasgulla, Tea, Pickle"
2939,"Chole Bhature, Lassi"
2940,"Coffee, Brownie"
2941,"Momos, Pepsi, Lemon Soda"
2942,"Coffee, Brownie"
2943,"Coffee, Brownie, Curd"
2944,"Pav Bhaji, Lassi"
2945,"Veg Fried Rice, Spring Roll, Sprite"
2946,"Biryani, Raita, Gulab Jamun"
2947,"Ice Cream, Brownie, Milkshake"
2948,"Pizza, Garlic Bread, Pepsi, Soup"
2949,"Hot Dog, Veg Burger, Coke"
2950,"Biryani, Raita, Gulab Jamun"
2951,"Rasgulla, Tea, Pickle"
2952,"Sandwich, Cold Coffee, Fruit Salad"
2953,"Momos, Pepsi"
2954,"Pav Bhaji, Lassi"
2955,"Pasta, Garlic Bread, Coke"
2956,"Pasta, Garlic Bread, Coke"
2957,"Ice Cream, Brownie, Sweet Corn"
2958,"Chole Bhature, Lassi, Fruit Salad"
2959,"Idli, Sambar, Filter Coffee"
2960,"Ice Cream, Brownie, French Fries"
2961,"Noodles, Manchurian, Sprite"
2962,"Rasgulla, Tea"
2963,"Idli, Sambar, Filter Coffee, Sweet Corn"
2964,"Rasgulla, Tea"
2965,"Pizza, Garlic Bread, Pepsi"
2966,"Pav Bhaji, Lassi"
2967,"Hot Dog, Veg Burger, Coke, Curd"
2968,"Paneer Tikka, Naan, Coke"
2969,"Biryani, Raita, Gulab Jamun"
2970,"Paneer Tikka, Naan, Coke, Curd"
2971,"Masala Dosa, Filter Coffee, Falooda"
2972,"Chole Bhature, Lassi, Pastry"
2973,"Veg Fried Rice, Spring Roll, Sprite, Curd"
2974,"Idli, Sambar, Filter Coffee"
2975,"Paneer Tikka, Naan, Coke"
2976,"Pizza, Garlic Bread, Pepsi, Milkshake"
2977,"Samosa, Tea, Milkshake"
2978,"Ice Cream, Brownie, Salad"
2979,"Momos, Pepsi"
2980,"Pizza, Garlic Bread, Pepsi"
2981,"Biryani, Raita, Gulab Jamun, Curd"
2982,"Biryani, Raita, Gulab Jamun"
2983,"Paneer Tikka, Naan, Coke"
2984,"Biryani, Raita, Gulab Jamun"
2985,"Samosa, Tea, Fruit Salad"
2986,"Vada Pav, Tea"
2987,"Rasgulla, Tea"
2988,"Noodles, Manchurian, Sprite, Mineral Water"
2989,"Hot Dog, Veg Burger, Coke"
2990,"Coffee, Brownie, Soup"
2991,"Hot Dog, Veg Burger, Coke"
2992,"Veg Fried Rice, Spring Roll, Sprite, Orange Juice"
2993,"Veg Fried Rice, Spring Roll, Sprite"
2994,"Idli, Sambar, Filter Coffee"
2995,"Rasgulla, Tea, Papad"
2996,"Vada Pav, Tea, Sweet Corn"
2997,"Momos, Pepsi"
2998,"Sandwich, Cold Coffee"
2999,"Samosa, Tea"
3000,"Pav Bhaji, Lassi"
3001,"Burger, Fries, Coke"
3002,"Kachori, Jalebi, Tea, Salad"
3003,"Hot Dog, Veg Burger, Coke, Soup"
3004,"Pasta, Garlic Bread, Coke"
3005,"Pav Bhaji, Lassi"
3006,"Vada Pav, Tea"
3007,"Hot Dog, Veg Burger, Coke"
3008,"Chole Bhature, Lassi, Soup"
3009,"Sandwich, Cold Coffee, Falooda"
3010,"Pasta, Garlic Bread, Coke, Orange Juice"
3011,"Idli, Sambar, Filter Coffee"
3012,"Paneer Tikka, Naan, Coke"
3013,"Sandwich, Cold Coffee"
3014,"Momos, Pepsi"
3015,"Paneer Tikka, Naan, Coke"
3016,"Coffee, Brownie"
3017,"Vada Pav, Tea"
3018,"Sandwich, Cold Coffee"
3019,"Pav Bhaji, Lassi"
3020,"Ice Cream, Brownie"
3021,"Idli, Sambar, Filter Coffee"
3022,"Pizza, Garlic Bread, Pepsi"
3023,"Masala Dosa, Filter Coffee"
3024,"Samosa, Tea, Lemon Soda"
3025,"Pasta, Garlic Bread, Coke, Mineral Water"
3026,"Vada Pav, Tea, Fruit Salad"
3027,"Samosa, Tea"
3028,"Paneer Tikka, Naan, Coke"
3029,"Coffee, Brownie"
3030,"Samosa, Tea, Pickle"
3031,"Pasta, Garlic Bread, Coke, Sweet Corn"
3032,"Pav Bhaji, Lassi, Soup"
3033,"Rasgulla, Tea, French Fries"
3034,"Ice Cream, Brownie"
3035,"Hot Dog, Veg Burger, Coke"
3036,"Idli, Sambar, Filter Coffee, Orange Juice"
3037,"Pizza, Garlic Bread, Pepsi"
3038,"Paneer Tikka, Naan, Coke"
3039,"Samosa, Tea, Papad"
3040,"Masala Dosa, Filter Coffee"
3041,"Vada Pav, Tea, Fruit Salad"
3042,"Paneer Tikka, Naan, Coke"
3043,"Idli, Sambar, Filter Coffee"
3044,"Momos, Pepsi, Lemon Soda"
3045,"Veg Fried Rice, Spring Roll, Sprite"
3046,"Sandwich, Cold Coffee, Donut"
3047,"Chole Bhature, Lassi, Lemon Soda"
3048,"Kachori, Jalebi, Tea, Curd"
3049,"Veg Fried Rice, Spring Roll, Sprite"
3050,"Paneer Tikka, Naan, Coke"
3051,"Burger, Fries, Coke, Milkshake"
3052,"Hot Dog, Veg Burger, Coke"
3053,"Hot Dog, Veg Burger, Coke"
3054,"Idli, Sambar, Filter Coffee, Donut"
3055,"Samosa, Tea"
3056,"Chole Bhature, Lassi"
3057,"Chole Bhature, Lassi"
3058,"Kachori, Jalebi, Tea, Chocolate Cake"
3059,"Ice Cream, Brownie, Pickle"
3060,"Hot Dog, Veg Burger, Coke"
3061,"Pav Bhaji, Lassi"
3062,"Kachori, Jalebi, Tea"
3063,"Pizza, Garlic Bread, Pepsi, Fruit Salad"
3064,"Kachori, Jalebi, Tea"
3065,"Chole Bhature, Lassi"
3066,"Samosa, Tea"
3067,"Ice Cream, Brownie, Orange Juice"
3068,"Sandwich, Cold Coffee, Donut"
3069,"Coffee, Brownie"
3070,"Samosa, Tea, Fruit Salad"
3071,"Paneer Tikka, Naan, Coke, Chocolate Cake"
3072,"Coffee, Brownie, Pastry"
3073,"Momos, Pepsi"
3074,"Sandwich, Cold Coffee"
3075,"Paneer Tikka, Naan, Coke, Milkshake"
3076,"Kachori, Jalebi, Tea"
3077,"Sandwich, Cold Coffee"
3078,"Paneer Tikka, Naan, Coke"
3079,"Coffee, Brownie"
3080,"Momos, Pepsi"
3081,"Samosa, Tea"
3082,"Idli, Sambar, Filter Coffee, Pastry"
3083,"Pizza, Garlic Bread, Pepsi, Salad"
3084,"Momos, Pepsi, Muffin"
3085,"Paneer Tikka, Naan, Coke, Donut"
3086,"Pizza, Garlic Bread, Pepsi"
3087,"Ice Cream, Brownie"
3088,"Momos, Pepsi, Pastry"
3089,"Vada Pav, Tea, Lemon Soda"
3090,"Pasta, Garlic Bread, Coke, Orange Juice"
3091,"Noodles, Manchurian, Sprite"
3092,"Rasgulla, Tea"
3093,"Rasgulla, Tea, French Fries"
3094,"Noodles, Manchurian, Sprite"
3095,"Masala Dosa, Filter Coffee"
3096,"Biryani, Raita, Gulab Jamun, Donut"
3097,"Vada Pav, Tea"
3098,"Burger, Fries, Coke, Chocolate Cake"
3099,"Chole Bhature, Lassi"
3100,"Vada Pav, Tea"
3101,"Samosa, Tea, Muffin"
3102,"Momos, Pepsi"
3103,"Sandwich, Cold Coffee"
3104,"Burger, Fries, Coke, Salad"
3105,"Kachori, Jalebi, Tea"
3106,"Coffee, Brownie"
3107,"Rasgulla, Tea, Salad"
3108,"Pasta, Garlic Bread, Coke, Salad"
3109,"Biryani, Raita, Gulab Jamun"
3110,"Kachori, Jalebi, Tea"
3111,"Chole Bhature, Lassi, Falooda"
3112,"Chole Bhature, Lassi, Lemon Soda"
3113,"Masala Dosa, Filter Coffee"
3114,"Chole Bhature, Lassi, Pastry"
3115,"Vada Pav, Tea, Sweet Corn"
3116,"Pasta, Garlic Bread, Coke"
3117,"Kachori, Jalebi, Tea, Chocolate Cake"
3118,"Pav Bhaji, Lassi"
3119,"Momos, Pepsi"
3120,"Chole Bhature, Lassi"
3121,"Rasgulla, Tea"
3122,"Biryani, Raita, Gulab Jamun"
3123,"Pav Bhaji, Lassi"
3124,"Paneer Tikka, Naan, Coke"
3125,"Biryani, Raita, Gulab Jamun, Pickle"
3126,"Idli, Sambar, Filter Coffee"
3127,"Samosa, Tea"
3128,"Noodles, Manchurian, Sprite"
3129,"Noodles, Manchurian, Sprite, Muffin"
3130,"Paneer Tikka, Naan, Coke, Donut"
3131,"Pasta, Garlic Bread, Coke, Pastry"
3132,"Pasta, Garlic Bread, Coke"
3133,"Noodles, Manchurian, Sprite"
3134,"Rasgulla, Tea, Mineral Water"
3135,"Pizza, Garlic Bread, Pepsi"
3136,"Noodles, Manchurian, Sprite"
3137,"Vada Pav, Tea"
3138,"Rasgulla, Tea"
3139,"Pav Bhaji, Lassi, Mineral Water"
3140,"Noodles, Manchurian, Sprite, Muffin"
3141,"Masala Dosa, Filter Coffee"
3142,"Chole Bhature, Lassi, Sweet Corn"
3143,"Pasta, Garlic Bread, Coke, Muffin"
3144,"Idli, Sambar, Filter Coffee"
3145,"Sandwich, Cold Coffee, Orange Juice"
3146,"Veg Fried Rice, Spring Roll, Sprite, Milkshake"
3147,"Vada Pav, Tea"
3148,"Burger, Fries, Coke, Chocolate Cake"
3149,"Burger, Fries, Coke, Donut"
3150,"Idli, Sambar, Filter Coffee"
3151,"Kachori, Jalebi, Tea"
3152,"Pasta, Garlic Bread, Coke"
3153,"Kachori, Jalebi, Tea"
3154,"Chole Bhature, Lassi"
3155,"Biryani, Raita, Gulab Jamun, French Fries"
3156,"Veg Fried Rice, Spring Roll, Sprite, French Fries"
3157,"Veg Fried Rice, Spring Roll, Sprite"
3158,"Veg Fried Rice, Spring Roll, Sprite"
3159,"Samosa, Tea"
3160,"Paneer Tikka, Naan, Coke"
3161,"Ice Cream, Brownie, Curd"
3162,"Idli, Sambar, Filter Coffee, Sweet Corn"
3163,"Burger, Fries, Coke, Pastry"
3164,"Idli, Sambar, Filter Coffee"
3165,"Momos, Pepsi, Muffin"
3166,"Rasgulla, Tea, Curd"
3167,"Rasgulla, Tea"
3168,"Chole Bhature, Lassi, French Fries"
3169,"Vada Pav, Tea"
3170,"Paneer Tikka, Naan, Coke"
3171,"Momos, Pepsi"
3172,"Kachori, Jalebi, Tea"
3173,"Pasta, Garlic Bread, Coke, Soup"
3174,"Momos, Pepsi"
3175,"Kachori, Jalebi, Tea"
3176,"Momos, Pepsi, Salad"
3177,"Noodles, Manchurian, Sprite, Pickle"
3178,"Ice Cream, Brownie, Sweet Corn"
3179,"Momos, Pepsi, Papad"
3180,"Idli, Sambar, Filter Coffee"
3181,"Burger, Fries, Coke, Lemon Soda"
3182,"Momos, Pepsi, Falooda"
3183,"Noodles, Manchurian, Sprite, Pickle"
3184,"Kachori, Jalebi, Tea"
3185,"Idli, Sambar, Filter Coffee, Curd"
3186,"Chole Bhature, Lassi"
3187,"Pav Bhaji, Lassi"
3188,"Masala Dosa, Filter Coffee"
3189,"Pasta, Garlic Bread, Coke"
3190,"Biryani, Raita, Gulab Jamun"
3191,"Samosa, Tea, Orange Juice"
3192,"Kachori, Jalebi, Tea"
3193,"Paneer Tikka, Naan, Coke"
3194,"Momos, Pepsi, Lemon Soda"
3195,"Ice Cream, Brownie, French Fries"
3196,"Pav Bhaji, Lassi"
3197,"Pav Bhaji, Lassi"
3198,"Masala Dosa, Filter Coffee"
3199,"Noodles, Manchurian, Sprite, Mineral Water"
3200,"Coffee, Brownie"
3201,"Kachori, Jalebi, Tea, Falooda"
3202,"Momos, Pepsi, Pickle"
3203,"Pav Bhaji, Lassi"
3204,"Ice Cream, Brownie, Pastry"
3205,"Noodles, Manchurian, Sprite"
3206,"Vada Pav, Tea"
3207,"Idli, Sambar, Filter Coffee"
3208,"Vada Pav, Tea"
3209,"Kachori, Jalebi, Tea"
3210,"Vada Pav, Tea"
3211,"Pizza, Garlic Bread, Pepsi"
3212,"Masala Dosa, Filter Coffee"
3213,"Veg Fried Rice, Spring Roll, Sprite"
3214,"Masala Dosa, Filter Coffee"
3215,"Idli, Sambar, Filter Coffee"
3216,"Momos, Pepsi"
3217,"Vada Pav, Tea, Papad"
3218,"Coffee, Brownie"
3219,"Vada Pav, Tea"
3220,"Idli, Sambar, Filter Coffee"
3221,"Burger, Fries, Coke, Donut"
3222,"Coffee, Brownie, Orange Juice"
3223,"Biryani, Raita, Gulab Jamun, Sweet Corn"
3224,"Pav Bhaji, Lassi"
3225,"Hot Dog, Veg Burger, Coke, Fruit Salad"
3226,"Paneer Tikka, Naan, Coke"
3227,"Samosa, Tea"
3228,"Paneer Tikka, Naan, Coke"
3229,"Idli, Sambar, Filter Coffee"
3230,"Noodles, Manchurian, Sprite"
3231,"Pav Bhaji, Lassi"
3232,"Idli, Sambar, Filter Coffee, French Fries"
3233,"Noodles, Manchurian, Sprite"
3234,"Biryani, Raita, Gulab Jamun, Soup"
3235,"Masala Dosa, Filter Coffee"
3236,"Chole Bhature, Lassi"
3237,"Samosa, Tea"
3238,"Pizza, Garlic Bread, Pepsi"
3239,"Noodles, Manchurian, Sprite"
3240,"Paneer Tikka, Naan, Coke"
3241,"Ice Cream, Brownie"
3242,"Coffee, Brownie"
3243,"Burger, Fries, Coke"
3244,"Noodles, Manchurian, Sprite"
3245,"Samosa, Tea"
3246,"Idli, Sambar, Filter Coffee"
3247,"Ice Cream, Brownie"
3248,"Kachori, Jalebi, Tea"
3249,"Pav Bhaji, Lassi"
3250,"Chole Bhature, Lassi"
3251,"Pasta, Garlic Bread, Coke, Pickle"
3252,"Chole Bhature, Lassi"
3253,"Samosa, Tea"
3254,"Ice Cream, Brownie, Mineral Water"
3255,"Noodles, Manchurian, Sprite"
3256,"Noodles, Manchurian, Sprite, Orange Juice"
3257,"Burger, Fries, Coke, Milkshake"
3258,"Hot Dog, Veg Burger, Coke"
3259,"Pasta, Garlic Bread, Coke"
3260,"Noodles, Manchurian, Sprite, Salad"
3261,"Pav Bhaji, Lassi, Fruit Salad"
3262,"Pav Bhaji, Lassi, Chocolate Cake"
3263,"Idli, Sambar, Filter Coffee, French Fries"
3264,"Idli, Sambar, Filter Coffee, Falooda"
3265,"Rasgulla, Tea"
3266,"Ice Cream, Brownie"
3267,"Hot Dog, Veg Burger, Coke"
3268,"Pasta, Garlic Bread, Coke"
3269,"Rasgulla, Tea"
3270,"Chole Bhature, Lassi"
3271,"Hot Dog, Veg Burger, Coke, Fruit Salad"
3272,"Rasgulla, Tea, Papad"
3273,"Idli, Sambar, Filter Coffee, Sweet Corn"
3274,"Paneer Tikka, Naan, Coke, Salad"
3275,"Paneer Tikka, Naan, Coke"
3276,"Momos, Pepsi, Mineral Water"
3277,"Pav Bhaji, Lassi"
3278,"Chole Bhature, Lassi"
3279,"Noodles, Manchurian, Sprite"
3280,"Sandwich, Cold Coffee"
3281,"Paneer Tikka, Naan, Coke"
3282,"Momos, Pepsi"
3283,"Paneer Tikka, Naan, Coke"
3284,"Samosa, Tea"
3285,"Momos, Pepsi"
3286,"Samosa, Tea"
3287,"Noodles, Manchurian, Sprite"
3288,"Vada Pav, Tea"
3289,"Idli, Sambar, Filter Coffee"
3290,"Masala Dosa, Filter Coffee"
3291,"Pav Bhaji, Lassi"
3292,"Vada Pav, Tea"
3293,"Paneer Tikka, Naan, Coke, Papad"
3294,"Rasgulla, Tea, Fruit Salad"
3295,"Samosa, Tea, Curd"
3296,"Pav Bhaji, Lassi, Donut"
3297,"Burger, Fries, Coke"
3298,"Samosa, Tea"
3299,"Paneer Tikka, Naan, Coke, Curd"
3300,"Pasta, Garlic Bread, Coke, Donut"
3301,"Burger, Fries, Coke, Papad"
3302,"Biryani, Raita, Gulab Jamun"
3303,"Paneer Tikka, Naan, Coke"
3304,"Pasta, Garlic Bread, Coke"
3305,"Coffee, Brownie"
3306,"Momos, Pepsi"
3307,"Kachori, Jalebi, Tea, Pastry"
3308,"Noodles, Manchurian, Sprite"
3309,"Idli, Sambar, Filter Coffee"
3310,"Samosa, Tea"
3311,"Coffee, Brownie, Sweet Corn"
3312,"Chole Bhature, Lassi, Soup"
3313,"Coffee, Brownie"
3314,"Idli, Sambar, Filter Coffee"
3315,"Biryani, Raita, Gulab Jamun"
3316,"Burger, Fries, Coke"
3317,"Pasta, Garlic Bread, Coke"
3318,"Vada Pav, Tea"
3319,"Biryani, Raita, Gulab Jamun, Salad"
3320,"Rasgulla, Tea"
3321,"Momos, Pepsi"
3322,"Burger, Fries, Coke, Orange Juice"
3323,"Burger, Fries, Coke, Lemon Soda"
3324,"Hot Dog, Veg Burger, Coke"
3325,"Rasgulla, Tea"
3326,"Ice Cream, Brownie"
3327,"Chole Bhature, Lassi"
3328,"Momos, Pepsi"
3329,"Burger, Fries, Coke, Orange Juice"
3330,"Paneer Tikka, Naan, Coke, Fruit Salad"
3331,"Coffee, Brownie"
3332,"Biryani, Raita, Gulab Jamun, Chocolate Cake"
3333,"Ice Cream, Brownie, Pastry"
3334,"Masala Dosa, Filter Coffee, Mineral Water"
3335,"Samosa, Tea, Sweet Corn"
3336,"Masala Dosa, Filter Coffee, Pickle"
3337,"Masala Dosa, Filter Coffee, Salad"
3338,"Pasta, Garlic Bread, Coke"
3339,"Coffee, Brownie, Pickle"
3340,"Sandwich, Cold Coffee"
3341,"Vada Pav, Tea, Falooda"
3342,"Kachori, Jalebi, Tea"
3343,"Momos, Pepsi"
3344,"Noodles, Manchurian, Sprite"
3345,"Vada Pav, Tea, Pickle"
3346,"Idli, Sambar, Filter Coffee"
3347,"Biryani, Raita, Gulab Jamun"
3348,"Paneer Tikka, Naan, Coke"
3349,"Burger, Fries, Coke, Chocolate Cake"
3350,"Hot Dog, Veg Burger, Coke"
3351,"Samosa, Tea, Sweet Corn"
3352,"Idli, Sambar, Filter Coffee, Fruit Salad"
3353,"Veg Fried Rice, Spring Roll, Sprite"
3354,"Samosa, Tea"
3355,"Masala Dosa, Filter Coffee"
3356,"Ice Cream, Brownie"
3357,"Ice Cream, Brownie"
3358,"Burger, Fries, Coke"
3359,"Kachori, Jalebi, Tea, Orange Juice"
3360,"Burger, Fries, Coke, Donut"
3361,"Sandwich, Cold Coffee"
3362,"Chole Bhature, Lassi"
3363,"Veg Fried Rice, Spring Roll, Sprite"
3364,"Noodles, Manchurian, Sprite, Orange Juice"
3365,"Ice Cream, Brownie"
3366,"Pasta, Garlic Bread, Coke, Chocolate Cake"
3367,"Samosa, Tea"
3368,"Sandwich, Cold Coffee"
3369,"Veg Fried Rice, Spring Roll, Sprite"
3370,"Coffee, Brownie"
3371,"Coffee, Brownie"
3372,"Idli, Sambar, Filter Coffee, Pickle"
3373,"Coffee, Brownie, Pickle"
3374,"Burger, Fries, Coke"
3375,"Samosa, Tea"
3376,"Burger, Fries, Coke"
3377,"Burger, Fries, Coke"
3378,"Masala Dosa, Filter Coffee"
3379,"Momos, Pepsi"
3380,"Ice Cream, Brownie, Mineral Water"
3381,"Ice Cream, Brownie, Muffin"
3382,"Vada Pav, Tea"
3383,"Chole Bhature, Lassi"
3384,"Pav Bhaji, Lassi"
3385,"Burger, Fries, Coke, Papad"
3386,"Veg Fried Rice, Spring Roll, Sprite"
3387,"Hot Dog, Veg Burger, Coke"
3388,"Sandwich, Cold Coffee"
3389,"Pav Bhaji, Lassi, Curd"
3390,"Hot Dog, Veg Burger, Coke, Donut"
3391,"Pav Bhaji, Lassi, Donut"
3392,"Kachori, Jalebi, Tea, Lemon Soda"
3393,"Chole Bhature, Lassi, Milkshake"
3394,"Rasgulla, Tea"
3395,"Masala Dosa, Filter Coffee"
3396,"Rasgulla, Tea"
3397,"Kachori, Jalebi, Tea"
3398,"Biryani, Raita, Gulab Jamun"
3399,"Biryani, Raita, Gulab Jamun, Falooda"
3400,"Noodles, Manchurian, Sprite"
3401,"Sandwich, Cold Coffee, French Fries"
3402,"Ice Cream, Brownie"
3403,"Ice Cream, Brownie"
3404,"Burger, Fries, Coke"
3405,"Pizza, Garlic Bread, Pepsi"
3406,"Coffee, Brownie"
3407,"Paneer Tikka, Naan, Coke, Fruit Salad"
3408,"Idli, Sambar, Filter Coffee"
3409,"Noodles, Manchurian, Sprite"
3410,"Hot Dog, Veg Burger, Coke, Sweet Corn"
3411,"Ice Cream, Brownie"
3412,"Burger, Fries, Coke"
3413,"Coffee, Brownie, French Fries"
3414,"Hot Dog, Veg Burger, Coke"
3415,"Paneer Tikka, Naan, Coke"
3416,"Hot Dog, Veg Burger, Coke, Pickle"
3417,"Pasta, Garlic Bread, Coke, Chocolate Cake"
3418,"Burger, Fries, Coke"
3419,"Burger, Fries, Coke"
3420,"Coffee, Brownie"
3421,"Hot Dog, Veg Burger, Coke, Falooda"
3422,"Coffee, Brownie"
3423,"Coffee, Brownie"
3424,"Hot Dog, Veg Burger, Coke"
3425,"Kachori, Jalebi, Tea"
3426,"Vada Pav, Tea"
3427,"Rasgulla, Tea, Salad"
3428,"Pizza, Garlic Bread, Pepsi"
3429,"Biryani, Raita, Gulab Jamun"
3430,"Pizza, Garlic Bread, Pepsi"
3431,"Idli, Sambar, Filter Coffee, Sweet Corn"
3432,"Biryani, Raita, Gulab Jamun, Salad"
3433,"Ice Cream, Brownie, Soup"
3434,"Chole Bhature, Lassi, Sweet Corn"
3435,"Hot Dog, Veg Burger, Coke"
3436,"Kachori, Jalebi, Tea, Soup"
3437,"Idli, Sambar, Filter Coffee"
3438,"Kachori, Jalebi, Tea"
3439,"Coffee, Brownie"
3440,"Burger, Fries, Coke"
3441,"Coffee, Brownie"
3442,"Vada Pav, Tea, Mineral Water"
3443,"Rasgulla, Tea"
3444,"Veg Fried Rice, Spring Roll, Sprite"
3445,"Samosa, Tea"
3446,"Sandwich, Cold Coffee"
3447,"Momos, Pepsi"
3448,"Idli, Sambar, Filter Coffee, Pastry"
3449,"Pizza, Garlic Bread, Pepsi, Curd"
3450,"Rasgulla, Tea"
3451,"Pav Bhaji, Lassi, Pastry"
3452,"Samosa, Tea"
3453,"Kachori, Jalebi, Tea, Papad"
3454,"Burger, Fries, Coke"
3455,"Samosa, Tea, Fruit Salad"
3456,"Ice Cream, Brownie"
3457,"Paneer Tikka, Naan, Coke, Lemon Soda"
3458,"Veg Fried Rice, Spring Roll, Sprite"
3459,"Coffee, Brownie, Donut"
3460,"Idli, Sambar, Filter Coffee"
3461,"Coffee, Brownie"
3462,"Rasgulla, Tea"
3463,"Kachori, Jalebi, Tea, Pickle"
3464,"Masala Dosa, Filter Coffee, Salad"
3465,"Momos, Pepsi, French Fries"
3466,"Hot Dog, Veg Burger, Coke"
3467,"Idli, Sambar, Filter Coffee"
3468,"Hot Dog, Veg Burger, Coke"
3469,"Coffee, Brownie"
3470,"Chole Bhature, Lassi, Orange Juice"
3471,"Burger, Fries, Coke"
3472,"Biryani, Raita, Gulab Jamun"
3473,"Ice Cream, Brownie, Curd"
3474,"Idli, Sambar, Filter Coffee, Papad"
3475,"Pizza, Garlic Bread, Pepsi"
3476,"Veg Fried Rice, Spring Roll, Sprite, Orange Juice"
3477,"Hot Dog, Veg Burger, Coke"
3478,"Masala Dosa, Filter Coffee, Falooda"
3479,"Masala Dosa, Filter Coffee, Orange Juice"
3480,"Sandwich, Cold Coffee"
3481,"Burger, Fries, Coke"
3482,"Samosa, Tea"
3483,"Vada Pav, Tea, Lemon Soda"
3484,"Pasta, Garlic Bread, Coke"
3485,"Pav Bhaji, Lassi"
3486,"Masala Dosa, Filter Coffee"
3487,"Kachori, Jalebi, Tea"
3488,"Biryani, Raita, Gulab Jamun, Pastry"
3489,"Veg Fried Rice, Spring Roll, Sprite, Soup"
3490,"Pav Bhaji, Lassi, Sweet Corn"
3491,"Hot Dog, Veg Burger, Coke"
3492,"Kachori, Jalebi, Tea"
3493,"Ice Cream, Brownie, Pastry"
3494,"Coffee, Brownie, Milkshake"
3495,"Samosa, Tea"
3496,"Rasgulla, Tea"
3497,"Veg Fried Rice, Spring Roll, Sprite"
3498,"Momos, Pepsi"
3499,"Kachori, Jalebi, Tea, Fruit Salad"
3500,"Chole Bhature, Lassi"
3501,"Noodles, Manchurian, Sprite"
3502,"Noodles, Manchurian, Sprite"
3503,"Coffee, Brownie"
3504,"Noodles, Manchurian, Sprite"
3505,"Momos, Pepsi"
3506,"Rasgulla, Tea"
3507,"Rasgulla, Tea"
3508,"Veg Fried Rice, Spring Roll, Sprite, Lemon Soda"
3509,"Idli, Sambar, Filter Coffee"
3510,"Chole Bhature, Lassi, Sweet Corn"
3511,"Chole Bhature, Lassi"
3512,"Pav Bhaji, Lassi, Mineral Water"
3513,"Samosa, Tea"
3514,"Pasta, Garlic Bread, Coke"
3515,"Pav Bhaji, Lassi, Salad"
3516,"Idli, Sambar, Filter Coffee"
3517,"Coffee, Brownie"
3518,"Idli, Sambar, Filter Coffee"
3519,"Pav Bhaji, Lassi"
3520,"Coffee, Brownie, French Fries"
3521,"Masala Dosa, Filter Coffee"
3522,"Sandwich, Cold Coffee"
3523,"Pav Bhaji, Lassi"
3524,"Pasta, Garlic Bread, Coke"
3525,"Noodles, Manchurian, Sprite"
3526,"Biryani, Raita, Gulab Jamun"
3527,"Hot Dog, Veg Burger, Coke, Mineral Water"
3528,"Pav Bhaji, Lassi, Lemon Soda"
3529,"Coffee, Brownie, Pickle"
3530,"Sandwich, Cold Coffee, Milkshake"
3531,"Veg Fried Rice, Spring Roll, Sprite"
3532,"Samosa, Tea"
3533,"Ice Cream, Brownie"
3534,"Burger, Fries, Coke"
3535,"Pasta, Garlic Bread, Coke"
3536,"Chole Bhature, Lassi"
3537,"Rasgulla, Tea"
3538,"Burger, Fries, Coke"
3539,"Noodles, Manchurian, Sprite"
3540,"Samosa, Tea"
3541,"Hot Dog, Veg Burger, Coke, Lemon Soda"
3542,"Momos, Pepsi, Muffin"
3543,"Idli, Sambar, Filter Coffee, Mineral Water"
3544,"Coffee, Brownie"
3545,"Paneer Tikka, Naan, Coke"
3546,"Paneer Tikka, Naan, Coke, Muffin"
3547,"Ice Cream, Brownie, Pastry"
3548,"Rasgulla, Tea"
3549,"Pasta, Garlic Bread, Coke"
3550,"Burger, Fries, Coke"
3551,"Pav Bhaji, Lassi, Sweet Corn"
3552,"Paneer Tikka, Naan, Coke"
3553,"Chole Bhature, Lassi"
3554,"Ice Cream, Brownie, French Fries"
3555,"Rasgulla, Tea"
3556,"Samosa, Tea, Pickle"
3557,"Rasgulla, Tea"
3558,"Kachori, Jalebi, Tea"
3559,"Rasgulla, Tea"
3560,"Chole Bhature, Lassi, Soup"
3561,"Biryani, Raita, Gulab Jamun"
3562,"Veg Fried Rice, Spring Roll, Sprite"
3563,"Coffee, Brownie"
3564,"Idli, Sambar, Filter Coffee"
3565,"Pasta, Garlic Bread, Coke, Chocolate Cake"
3566,"Ice Cream, Brownie, Donut"
3567,"Burger, Fries, Coke, Mineral Water"
3568,"Chole Bhature, Lassi, Falooda"
3569,"Pasta, Garlic Bread, Coke"
3570,"Biryani, Raita, Gulab Jamun"
3571,"Pav Bhaji, Lassi"
3572,"Masala Dosa, Filter Coffee, Sweet Corn"
3573,"Chole Bhature, Lassi, Chocolate Cake"
3574,"Samosa, Tea"
3575,"Momos, Pepsi"
3576,"Chole Bhature, Lassi"
3577,"Veg Fried Rice, Spring Roll, Sprite, Lemon Soda"
3578,"Pasta, Garlic Bread, Coke"
3579,"Momos, Pepsi, Curd"
3580,"Rasgulla, Tea, Muffin"
3581,"Sandwich, Cold Coffee, Pastry"
3582,"Idli, Sambar, Filter Coffee, Soup"
3583,"Kachori, Jalebi, Tea"
3584,"Noodles, Manchurian, Sprite, Donut"
3585,"Idli, Sambar, Filter Coffee"
3586,"Pizza, Garlic Bread, Pepsi"
3587,"Pasta, Garlic Bread, Coke"
3588,"Idli, Sambar, Filter Coffee, Curd"
3589,"Chole Bhature, Lassi"
3590,"Masala Dosa, Filter Coffee"
3591,"Masala Dosa, Filter Coffee"
3592,"Paneer Tikka, Naan, Coke"
3593,"Masala Dosa, Filter Coffee"
3594,"Vada Pav, Tea"
3595,"Pizza, Garlic Bread, Pepsi, Orange Juice"
3596,"Sandwich, Cold Coffee"
3597,"Ice Cream, Brownie, Mineral Water"
3598,"Veg Fried Rice, Spring Roll, Sprite"
3599,"Paneer Tikka, Naan, Coke"
3600,"Ice Cream, Brownie, Papad"
3601,"Biryani, Raita, Gulab Jamun"
3602,"Noodles, Manchurian, Sprite"
3603,"Coffee, Brownie"
3604,"Masala Dosa, Filter Coffee, Fruit Salad"
3605,"Pizza, Garlic Bread, Pepsi"
3606,"Biryani, Raita, Gulab Jamun"
3607,"Idli, Sambar, Filter Coffee"
3608,"Chole Bhature, Lassi"
3609,"Chole Bhature, Lassi, Milkshake"
3610,"Vada Pav, Tea"
3611,"Samosa, Tea, Muffin"
3612,"Momos, Pepsi"
3613,"Biryani, Raita, Gulab Jamun"
3614,"Hot Dog, Veg Burger, Coke"
3615,"Idli, Sambar, Filter Coffee, Milkshake"
3616,"Masala Dosa, Filter Coffee, French Fries"
3617,"Kachori, Jalebi, Tea, Curd"
3618,"Vada Pav, Tea"
3619,"Chole Bhature, Lassi, French Fries"
3620,"Sandwich, Cold Coffee, Papad"
3621,"Masala Dosa, Filter Coffee, Salad"
3622,"Ice Cream, Brownie, Salad"
3623,"Noodles, Manchurian, Sprite"
3624,"Vada Pav, Tea"
3625,"Pasta, Garlic Bread, Coke"
3626,"Kachori, Jalebi, Tea, Soup"
3627,"Veg Fried Rice, Spring Roll, Sprite"
3628,"Pav Bhaji, Lassi"
3629,"Veg Fried Rice, Spring Roll, Sprite, Sweet Corn"
3630,"Burger, Fries, Coke"
3631,"Coffee, Brownie"
3632,"Biryani, Raita, Gulab Jamun, Chocolate Cake"
3633,"Masala Dosa, Filter Coffee"
3634,"Pizza, Garlic Bread, Pepsi"
3635,"Vada Pav, Tea"
3636,"Coffee, Brownie"
3637,"Veg Fried Rice, Spring Roll, Sprite"
3638,"Ice Cream, Brownie"
3639,"Paneer Tikka, Naan, Coke, Lemon Soda"
3640,"Vada Pav, Tea"
3641,"Masala Dosa, Filter Coffee, Pickle"
3642,"Burger, Fries, Coke"
3643,"Idli, Sambar, Filter Coffee, Milkshake"
3644,"Kachori, Jalebi, Tea"
3645,"Biryani, Raita, Gulab Jamun"
3646,"Paneer Tikka, Naan, Coke, Donut"
3647,"Vada Pav, Tea"
3648,"Rasgulla, Tea, Chocolate Cake"
3649,"Kachori, Jalebi, Tea, Soup"
3650,"Samosa, Tea, Pickle"
3651,"Momos, Pepsi, French Fries"
3652,"Kachori, Jalebi, Tea"
3653,"Idli, Sambar, Filter Coffee"
3654,"Hot Dog, Veg Burger, Coke"
3655,"Burger, Fries, Coke, Chocolate Cake"
3656,"Pasta, Garlic Bread, Coke, Sweet Corn"
3657,"Hot Dog, Veg Burger, Coke"
3658,"Pizza, Garlic Bread, Pepsi, Donut"
3659,"Pasta, Garlic Bread, Coke, Soup"
3660,"Veg Fried Rice, Spring Roll, Sprite"
3661,"Hot Dog, Veg Burger, Coke"
3662,"Kachori, Jalebi, Tea"
3663,"Idli, Sambar, Filter Coffee"
3664,"Coffee, Brownie, Pickle"
3665,"Pizza, Garlic Bread, Pepsi"
3666,"Paneer Tikka, Naan, Coke"
3667,"Pasta, Garlic Bread, Coke"
3668,"Hot Dog, Veg Burger, Coke"
3669,"Coffee, Brownie, Lemon Soda"
3670,"Ice Cream, Brownie, Falooda"
3671,"Hot Dog, Veg Burger, Coke"
3672,"Chole Bhature, Lassi"
3673,"Masala Dosa, Filter Coffee"
3674,"Burger, Fries, Coke, Donut"
3675,"Biryani, Raita, Gulab Jamun"
3676,"Pizza, Garlic Bread, Pepsi"
3677,"Samosa, Tea"
3678,"Samosa, Tea, Lemon Soda"
3679,"Hot Dog, Veg Burger, Coke"
3680,"Paneer Tikka, Naan, Coke"
3681,"Pasta, Garlic Bread, Coke, Lemon Soda"
3682,"Hot Dog, Veg Burger, Coke"
3683,"Kachori, Jalebi, Tea, Curd"
3684,"Rasgulla, Tea"
3685,"Veg Fried Rice, Spring Roll, Sprite, Donut"
3686,"Biryani, Raita, Gulab Jamun"
3687,"Pav Bhaji, Lassi"
3688,"Masala Dosa, Filter Coffee"
3689,"Paneer Tikka, Naan, Coke"
3690,"Paneer Tikka, Naan, Coke"
3691,"Momos, Pepsi, Soup"
3692,"Paneer Tikka, Naan, Coke"
3693,"Pasta, Garlic Bread, Coke"
3694,"Samosa, Tea"
3695,"Masala Dosa, Filter Coffee, Muffin"
3696,"Pasta, Garlic Bread, Coke"
3697,"Chole Bhature, Lassi"
3698,"Momos, Pepsi, Pastry"
3699,"Momos, Pepsi, Lemon Soda"
3700,"Burger, Fries, Coke, Fruit Salad"
3701,"Pav Bhaji, Lassi"
3702,"Paneer Tikka, Naan, Coke"
3703,"Pav Bhaji, Lassi"
3704,"Pasta, Garlic Bread, Coke"
3705,"Rasgulla, Tea, Salad"
3706,"Vada Pav, Tea"
3707,"Rasgulla, Tea, Sweet Corn"
3708,"Sandwich, Cold Coffee"
3709,"Pav Bhaji, Lassi"
3710,"Momos, Pepsi"
3711,"Pav Bhaji, Lassi"
3712,"Chole Bhature, Lassi"
3713,"Hot Dog, Veg Burger, Coke, Salad"
3714,"Pav Bhaji, Lassi"
3715,"Burger, Fries, Coke"
3716,"Samosa, Tea, Muffin"
3717,"Samosa, Tea, Orange Juice"
3718,"Burger, Fries, Coke, Mineral Water"
3719,"Chole Bhature, Lassi"
3720,"Rasgulla, Tea"
3721,"Biryani, Raita, Gulab Jamun"
3722,"Veg Fried Rice, Spring Roll, Sprite"
3723,"Masala Dosa, Filter Coffee"
3724,"Sandwich, Cold Coffee"
3725,"Noodles, Manchurian, Sprite"
3726,"Chole Bhature, Lassi"
3727,"Paneer Tikka, Naan, Coke"
3728,"Biryani, Raita, Gulab Jamun, Papad"
3729,"Samosa, Tea, Lemon Soda"
3730,"Chole Bhature, Lassi"
3731,"Burger, Fries, Coke"
3732,"Momos, Pepsi, Mineral Water"
3733,"Paneer Tikka, Naan, Coke"
3734,"Pasta, Garlic Bread, Coke"
3735,"Masala Dosa, Filter Coffee, Orange Juice"
3736,"Samosa, Tea, Orange Juice"
3737,"Noodles, Manchurian, Sprite"
3738,"Idli, Sambar, Filter Coffee"
3739,"Veg Fried Rice, Spring Roll, Sprite, Salad"
3740,"Masala Dosa, Filter Coffee"
3741,"Veg Fried Rice, Spring Roll, Sprite, Sweet Corn"
3742,"Idli, Sambar, Filter Coffee"
3743,"Kachori, Jalebi, Tea, Orange Juice"
3744,"Biryani, Raita, Gulab Jamun, Soup"
3745,"Vada Pav, Tea, Pickle"
3746,"Burger, Fries, Coke"
3747,"Momos, Pepsi"
3748,"Vada Pav, Tea, Milkshake"
3749,"Burger, Fries, Coke"
3750,"Pizza, Garlic Bread, Pepsi, Fruit Salad"
3751,"Burger, Fries, Coke"
3752,"Noodles, Manchurian, Sprite"
3753,"Sandwich, Cold Coffee"
3754,"Momos, Pepsi"
3755,"Kachori, Jalebi, Tea"
3756,"Pav Bhaji, Lassi"
3757,"Coffee, Brownie"
3758,"Hot Dog, Veg Burger, Coke"
3759,"Chole Bhature, Lassi"
3760,"Pizza, Garlic Bread, Pepsi"
3761,"Coffee, Brownie"
3762,"Burger, Fries, Coke"
3763,"Chole Bhature, Lassi"
3764,"Samosa, Tea, Chocolate Cake"
3765,"Noodles, Manchurian, Sprite, Falooda"
3766,"Pav Bhaji, Lassi"
3767,"Momos, Pepsi"
3768,"Veg Fried Rice, Spring Roll, Sprite, Pickle"
3769,"Burger, Fries, Coke"
3770,"Pizza, Garlic Bread, Pepsi"
3771,"Coffee, Brownie"
3772,"Hot Dog, Veg Burger, Coke"
3773,"Chole Bhature, Lassi"
3774,"Biryani, Raita, Gulab Jamun, Donut"
3775,"Vada Pav, Tea"
3776,"Pasta, Garlic Bread, Coke"
3777,"Samosa, Tea"
3778,"Rasgulla, Tea"
3779,"Noodles, Manchurian, Sprite, Donut"
3780,"Biryani, Raita, Gulab Jamun, Muffin"
3781,"Masala Dosa, Filter Coffee"
3782,"Vada Pav, Tea"
3783,"Ice Cream, Brownie, Lemon Soda"
3784,"Masala Dosa, Filter Coffee"
3785,"Biryani, Raita, Gulab Jamun, French Fries"
3786,"Masala Dosa, Filter Coffee"
3787,"Coffee, Brownie"
3788,"Sandwich, Cold Coffee, Milkshake"
3789,"Momos, Pepsi"
3790,"Vada Pav, Tea"
3791,"Ice Cream, Brownie"
3792,"Momos, Pepsi, Pickle"
3793,"Hot Dog, Veg Burger, Coke"
3794,"Kachori, Jalebi, Tea, Pickle"
3795,"Chole Bhature, Lassi"
3796,"Chole Bhature, Lassi"
3797,"Ice Cream, Brownie"
3798,"Paneer Tikka, Naan, Coke"
3799,"Hot Dog, Veg Burger, Coke, Curd"
3800,"Biryani, Raita, Gulab Jamun, Pickle"
3801,"Rasgulla, Tea"
3802,"Vada Pav, Tea"
3803,"Samosa, Tea"
3804,"Chole Bhature, Lassi"
3805,"Burger, Fries, Coke, Lemon Soda"
3806,"Chole Bhature, Lassi"
3807,"Coffee, Brownie"
3808,"Samosa, Tea"
3809,"Kachori, Jalebi, Tea"
3810,"Vada Pav, Tea"
3811,"Ice Cream, Brownie"
3812,"Coffee, Brownie, Curd"
3813,"Hot Dog, Veg Burger, Coke"
3814,"Idli, Sambar, Filter Coffee, Curd"
3815,"Samosa, Tea"
3816,"Pizza, Garlic Bread, Pepsi"
3817,"Pasta, Garlic Bread, Coke"
3818,"Vada Pav, Tea, Donut"
3819,"Veg Fried Rice, Spring Roll, Sprite"
3820,"Chole Bhature, Lassi, Pickle"
3821,"Samosa, Tea"
3822,"Veg Fried Rice, Spring Roll, Sprite"
3823,"Hot Dog, Veg Burger, Coke"
3824,"Pizza, Garlic Bread, Pepsi"
3825,"Masala Dosa, Filter Coffee"
3826,"Chole Bhature, Lassi, Orange Juice"
3827,"Burger, Fries, Coke"
3828,"Coffee, Brownie"
3829,"Momos, Pepsi"
3830,"Chole Bhature, Lassi"
3831,"Noodles, Manchurian, Sprite"
3832,"Pasta, Garlic Bread, Coke"
3833,"Veg Fried Rice, Spring Roll, Sprite"
3834,"Ice Cream, Brownie"
3835,"Samosa, Tea, Salad"
3836,"Pasta, Garlic Bread, Coke"
3837,"Masala Dosa, Filter Coffee"
3838,"Idli, Sambar, Filter Coffee"
3839,"Pasta, Garlic Bread, Coke"
3840,"Veg Fried Rice, Spring Roll, Sprite, Lemon Soda"
3841,"Burger, Fries, Coke"
3842,"Rasgulla, Tea, Pastry"
3843,"Chole Bhature, Lassi"
3844,"Paneer Tikka, Naan, Coke"
3845,"Masala Dosa, Filter Coffee"
3846,"Vada Pav, Tea"
3847,"Momos, Pepsi, Salad"
3848,"Vada Pav, Tea"
3849,"Coffee, Brownie"
3850,"Samosa, Tea"
3851,"Chole Bhature, Lassi, Chocolate Cake"
3852,"Hot Dog, Veg Burger, Coke"
3853,"Pasta, Garlic Bread, Coke"
3854,"Masala Dosa, Filter Coffee"
3855,"Chole Bhature, Lassi"
3856,"Biryani, Raita, Gulab Jamun"
3857,"Chole Bhature, Lassi, Muffin"
3858,"Pav Bhaji, Lassi, Chocolate Cake"
3859,"Biryani, Raita, Gulab Jamun, Fruit Salad"
3860,"Hot Dog, Veg Burger, Coke, Donut"
3861,"Sandwich, Cold Coffee"
3862,"Vada Pav, Tea"
3863,"Masala Dosa, Filter Coffee"
3864,"Paneer Tikka, Naan, Coke, Pastry"
3865,"Vada Pav, Tea, Orange Juice"
3866,"Chole Bhature, Lassi"
3867,"Burger, Fries, Coke"
3868,"Ice Cream, Brownie"
3869,"Noodles, Manchurian, Sprite"
3870,"Noodles, Manchurian, Sprite"
3871,"Ice Cream, Brownie"
3872,"Vada Pav, Tea"
3873,"Veg Fried Rice, Spring Roll, Sprite"
3874,"Vada Pav, Tea, Orange Juice"
3875,"Burger, Fries, Coke"
3876,"Coffee, Brownie, Pastry"
3877,"Rasgulla, Tea, Orange Juice"
3878,"Biryani, Raita, Gulab Jamun"
3879,"Pizza, Garlic Bread, Pepsi, Chocolate Cake"
3880,"Noodles, Manchurian, Sprite, Orange Juice"
3881,"Paneer Tikka, Naan, Coke"
3882,"Burger, Fries, Coke, Salad"
3883,"Noodles, Manchurian, Sprite"
3884,"Pasta, Garlic Bread, Coke"
3885,"Idli, Sambar, Filter Coffee, Donut"
3886,"Coffee, Brownie"
3887,"Pav Bhaji, Lassi"
3888,"Noodles, Manchurian, Sprite, Chocolate Cake"
3889,"Pizza, Garlic Bread, Pepsi, Lemon Soda"
3890,"Samosa, Tea, Lemon Soda"
3891,"Samosa, Tea"
3892,"Veg Fried Rice, Spring Roll, Sprite"
3893,"Sandwich, Cold Coffee, Sweet Corn"
3894,"Biryani, Raita, Gulab Jamun"
3895,"Sandwich, Cold Coffee"
3896,"Masala Dosa, Filter Coffee"
3897,"Biryani, Raita, Gulab Jamun"
3898,"Paneer Tikka, Naan, Coke"
3899,"Samosa, Tea"
3900,"Biryani, Raita, Gulab Jamun"
3901,"Sandwich, Cold Coffee"
3902,"Veg Fried Rice, Spring Roll, Sprite"
3903,"Rasgulla, Tea"
3904,"Noodles, Manchurian, Sprite"
3905,"Paneer Tikka, Naan, Coke"
3906,"Coffee, Brownie"
3907,"Paneer Tikka, Naan, Coke"
3908,"Kachori, Jalebi, Tea, Milkshake"
3909,"Vada Pav, Tea"
3910,"Ice Cream, Brownie"
3911,"Coffee, Brownie"
3912,"Pav Bhaji, Lassi"
3913,"Sandwich, Cold Coffee, Falooda"
3914,"Sandwich, Cold Coffee, Soup"
3915,"Hot Dog, Veg Burger, Coke"
3916,"Vada Pav, Tea"
3917,"Vada Pav, Tea, Curd"
3918,"Rasgulla, Tea"
3919,"Momos, Pepsi, Papad"
3920,"Rasgulla, Tea"
3921,"Ice Cream, Brownie, Chocolate Cake"
3922,"Pizza, Garlic Bread, Pepsi, Soup"
3923,"Masala Dosa, Filter Coffee, Soup"
3924,"Momos, Pepsi"
3925,"Sandwich, Cold Coffee, Fruit Salad"
3926,"Samosa, Tea"
3927,"Samosa, Tea"
3928,"Sandwich, Cold Coffee, Papad"
3929,"Hot Dog, Veg Burger, Coke"
3930,"Paneer Tikka, Naan, Coke"
3931,"Masala Dosa, Filter Coffee"
3932,"Pav Bhaji, Lassi"
3933,"Noodles, Manchurian, Sprite, Sweet Corn"
3934,"Noodles, Manchurian, Sprite"
3935,"Hot Dog, Veg Burger, Coke, Mineral Water"
3936,"Pasta, Garlic Bread, Coke"
3937,"Coffee, Brownie"
3938,"Biryani, Raita, Gulab Jamun, Falooda"
3939,"Biryani, Raita, Gulab Jamun, Salad"
3940,"Biryani, Raita, Gulab Jamun"
3941,"Ice Cream, Brownie"
3942,"Burger, Fries, Coke"
3943,"Paneer Tikka, Naan, Coke"
3944,"Samosa, Tea"
3945,"Noodles, Manchurian, Sprite"
3946,"Ice Cream, Brownie"
3947,"Chole Bhature, Lassi, Lemon Soda"
3948,"Burger, Fries, Coke"
3949,"Ice Cream, Brownie"
3950,"Hot Dog, Veg Burger, Coke"
3951,"Noodles, Manchurian, Sprite"
3952,"Pizza, Garlic Bread, Pepsi"
3953,"Masala Dosa, Filter Coffee"
3954,"Noodles, Manchurian, Sprite"
3955,"Masala Dosa, Filter Coffee, Pastry"
3956,"Noodles, Manchurian, Sprite"
3957,"Pizza, Garlic Bread, Pepsi"
3958,"Chole Bhature, Lassi, Chocolate Cake"
3959,"Coffee, Brownie"
3960,"Hot Dog, Veg Burger, Coke"
3961,"Vada Pav, Tea, Donut"
3962,"Pasta, Garlic Bread, Coke, French Fries"
3963,"Rasgulla, Tea"
3964,"Pasta, Garlic Bread, Coke"
3965,"Noodles, Manchurian, Sprite"
3966,"Pizza, Garlic Bread, Pepsi"
3967,"Kachori, Jalebi, Tea"
3968,"Pizza, Garlic Bread, Pepsi"
3969,"Kachori, Jalebi, Tea"
3970,"Pasta, Garlic Bread, Coke"
3971,"Burger, Fries, Coke, Orange Juice"
3972,"Chole Bhature, Lassi"
3973,"Vada Pav, Tea"
3974,"Veg Fried Rice, Spring Roll, Sprite, Fruit Salad"
3975,"Samosa, Tea"
3976,"Momos, Pepsi, Milkshake"
3977,"Hot Dog, Veg Burger, Coke"
3978,"Pav Bhaji, Lassi, Sweet Corn"
3979,"Masala Dosa, Filter Coffee"
3980,"Sandwich, Cold Coffee, Muffin"
3981,"Idli, Sambar, Filter Coffee, Papad"
3982,"Paneer Tikka, Naan, Coke, Lemon Soda"
3983,"Vada Pav, Tea, Salad"
3984,"Samosa, Tea"
3985,"Coffee, Brownie"
3986,"Masala Dosa, Filter Coffee"
3987,"Momos, Pepsi"
3988,"Sandwich, Cold Coffee, Donut"
3989,"Ice Cream, Brownie"
3990,"Samosa, Tea, Soup"
3991,"Noodles, Manchurian, Sprite"
3992,"Chole Bhature, Lassi, Chocolate Cake"
3993,"Burger, Fries, Coke, Papad"
3994,"Noodles, Manchurian, Sprite, Falooda"
3995,"Pizza, Garlic Bread, Pepsi"
3996,"Coffee, Brownie"
3997,"Kachori, Jalebi, Tea"
3998,"Paneer Tikka, Naan, Coke"
3999,"Pasta, Garlic Bread, Coke"
4000,"Paneer Tikka, Naan, Coke, Pastry"
4001,"Noodles, Manchurian, Sprite, Milkshake"
4002,"Vada Pav, Tea"
4003,"Hot Dog, Veg Burger, Coke"
4004,"Paneer Tikka, Naan, Coke, Chocolate Cake"
4005,"Noodles, Manchurian, Sprite"
4006,"Veg Fried Rice, Spring Roll, Sprite"
4007,"Rasgulla, Tea"
4008,"Samosa, Tea, Pastry"
4009,"Chole Bhature, Lassi, Lemon Soda"
4010,"Samosa, Tea"
4011,"Kachori, Jalebi, Tea, Salad"
4012,"Chole Bhature, Lassi"
4013,"Pasta, Garlic Bread, Coke"
4014,"Hot Dog, Veg Burger, Coke, Sweet Corn"
4015,"Momos, Pepsi, Sweet Corn"
4016,"Pizza, Garlic Bread, Pepsi, Milkshake"
4017,"Pav Bhaji, Lassi, Papad"
4018,"Paneer Tikka, Naan, Coke, Salad"
4019,"Masala Dosa, Filter Coffee, Salad"
4020,"Coffee, Brownie, Donut"
4021,"Sandwich, Cold Coffee"
4022,"Vada Pav, Tea"
4023,"Sandwich, Cold Coffee"
4024,"Pav Bhaji, Lassi, Chocolate Cake"
4025,"Vada Pav, Tea"
4026,"Ice Cream, Brownie"
4027,"Samosa, Tea, Papad"
4028,"Rasgulla, Tea"
4029,"Pav Bhaji, Lassi, Milkshake"
4030,"Veg Fried Rice, Spring Roll, Sprite"
4031,"Biryani, Raita, Gulab Jamun"
4032,"Samosa, Tea"
4033,"Kachori, Jalebi, Tea, Lemon Soda"
4034,"Veg Fried Rice, Spring Roll, Sprite"
4035,"Vada Pav, Tea, Pickle"
4036,"Pasta, Garlic Bread, Coke"
4037,"Veg Fried Rice, Spring Roll, Sprite"
4038,"Samosa, Tea, Lemon Soda"
4039,"Paneer Tikka, Naan, Coke"
4040,"Sandwich, Cold Coffee"
4041,"Ice Cream, Brownie"
4042,"Pav Bhaji, Lassi"
4043,"Vada Pav, Tea"
4044,"Biryani, Raita, Gulab Jamun"
4045,"Noodles, Manchurian, Sprite"
4046,"Noodles, Manchurian, Sprite"
4047,"Masala Dosa, Filter Coffee"
4048,"Samosa, Tea, Salad"
4049,"Veg Fried Rice, Spring Roll, Sprite"
4050,"Chole Bhature, Lassi"
4051,"Ice Cream, Brownie"
4052,"Biryani, Raita, Gulab Jamun, Fruit Salad"
4053,"Chole Bhature, Lassi"
4054,"Chole Bhature, Lassi"
4055,"Sandwich, Cold Coffee, French Fries"
4056,"Masala Dosa, Filter Coffee"
4057,"Rasgulla, Tea"
4058,"Noodles, Manchurian, Sprite"
4059,"Noodles, Manchurian, Sprite, Falooda"
4060,"Pasta, Garlic Bread, Coke"
4061,"Ice Cream, Brownie, Falooda"
4062,"Pizza, Garlic Bread, Pepsi"
4063,"Pasta, Garlic Bread, Coke, Pastry"
4064,"Sandwich, Cold Coffee"
4065,"Sandwich, Cold Coffee"
4066,"Pizza, Garlic Bread, Pepsi"
4067,"Hot Dog, Veg Burger, Coke"
4068,"Veg Fried Rice, Spring Roll, Sprite"
4069,"Burger, Fries, Coke"
4070,"Kachori, Jalebi, Tea"
4071,"Coffee, Brownie, Milkshake"
4072,"Samosa, Tea"
4073,"Kachori, Jalebi, Tea, Salad"
4074,"Burger, Fries, Coke"
4075,"Hot Dog, Veg Burger, Coke"
4076,"Sandwich, Cold Coffee, French Fries"
4077,"Ice Cream, Brownie"
4078,"Rasgulla, Tea, Soup"
4079,"Sandwich, Cold Coffee"
4080,"Kachori, Jalebi, Tea"
4081,"Idli, Sambar, Filter Coffee, Milkshake"
4082,"Veg Fried Rice, Spring Roll, Sprite"
4083,"Chole Bhature, Lassi, Falooda"
4084,"Paneer Tikka, Naan, Coke"
4085,"Momos, Pepsi, Orange Juice"
4086,"Idli, Sambar, Filter Coffee, Orange Juice"
4087,"Veg Fried Rice, Spring Roll, Sprite"
4088,"Masala Dosa, Filter Coffee"
4089,"Burger, Fries, Coke, Orange Juice"
4090,"Chole Bhature, Lassi"
4091,"Veg Fried Rice, Spring Roll, Sprite, Mineral Water"
4092,"Paneer Tikka, Naan, Coke, Soup"
4093,"Vada Pav, Tea"
4094,"Samosa, Tea"
4095,"Burger, Fries, Coke"
4096,"Chole Bhature, Lassi"
4097,"Vada Pav, Tea"
4098,"Pizza, Garlic Bread, Pepsi, Mineral Water"
4099,"Sandwich, Cold Coffee, French Fries"
4100,"Burger, Fries, Coke"
4101,"Vada Pav, Tea"
4102,"Coffee, Brownie"
4103,"Biryani, Raita, Gulab Jamun, Donut"
4104,"Rasgulla, Tea"
4105,"Masala Dosa, Filter Coffee, Donut"
4106,"Samosa, Tea, Milkshake"
4107,"Ice Cream, Brownie, Salad"
4108,"Vada Pav, Tea"
4109,"Vada Pav, Tea"
4110,"Paneer Tikka, Naan, Coke, Falooda"
4111,"Burger, Fries, Coke, Soup"
4112,"Samosa, Tea"
4113,"Pasta, Garlic Bread, Coke, Soup"
4114,"Vada Pav, Tea"
4115,"Vada Pav, Tea, Curd"
4116,"Pav Bhaji, Lassi, Pickle"
4117,"Vada Pav, Tea"
4118,"Biryani, Raita, Gulab Jamun"
4119,"Kachori, Jalebi, Tea, Sweet Corn"
4120,"Noodles, Manchurian, Sprite, Orange Juice"
4121,"Paneer Tikka, Naan, Coke, Curd"
4122,"Kachori, Jalebi, Tea"
4123,"Pav Bhaji, Lassi"
4124,"Sandwich, Cold Coffee"
4125,"Pav Bhaji, Lassi"
4126,"Biryani, Raita, Gulab Jamun"
4127,"Samosa, Tea"
4128,"Samosa, Tea, Soup"
4129,"Idli, Sambar, Filter Coffee"
4130,"Momos, Pepsi"
4131,"Vada Pav, Tea"
4132,"Sandwich, Cold Coffee, Pickle"
4133,"Samosa, Tea, Soup"
4134,"Pav Bhaji, Lassi, Sweet Corn"
4135,"Momos, Pepsi"
4136,"Paneer Tikka, Naan, Coke"
4137,"Coffee, Brownie, Falooda"
4138,"Chole Bhature, Lassi"
4139,"Momos, Pepsi"
4140,"Momos, Pepsi"
4141,"Hot Dog, Veg Burger, Coke"
4142,"Rasgulla, Tea"
4143,"Noodles, Manchurian, Sprite"
4144,"Hot Dog, Veg Burger, Coke"
4145,"Hot Dog, Veg Burger, Coke"
4146,"Veg Fried Rice, Spring Roll, Sprite"
4147,"Burger, Fries, Coke"
4148,"Momos, Pepsi"
4149,"Vada Pav, Tea, Papad"
4150,"Pav Bhaji, Lassi"
4151,"Samosa, Tea, Pastry"
4152,"Ice Cream, Brownie"
4153,"Paneer Tikka, Naan, Coke, Falooda"
4154,"Pizza, Garlic Bread, Pepsi"
4155,"Vada Pav, Tea"
4156,"Samosa, Tea"
4157,"Burger, Fries, Coke"
4158,"Paneer Tikka, Naan, Coke"
4159,"Vada Pav, Tea"
4160,"Biryani, Raita, Gulab Jamun"
4161,"Kachori, Jalebi, Tea"
4162,"Burger, Fries, Coke, Pastry"
4163,"Biryani, Raita, Gulab Jamun, French Fries"
4164,"Rasgulla, Tea"
4165,"Paneer Tikka, Naan, Coke, Orange Juice"
4166,"Momos, Pepsi"
4167,"Noodles, Manchurian, Sprite"
4168,"Pasta, Garlic Bread, Coke"
4169,"Coffee, Brownie"
4170,"Burger, Fries, Coke, Pastry"
4171,"Pizza, Garlic Bread, Pepsi"
4172,"Pizza, Garlic Bread, Pepsi"
4173,"Masala Dosa, Filter Coffee"
4174,"Burger, Fries, Coke"
4175,"Paneer Tikka, Naan, Coke"
4176,"Idli, Sambar, Filter Coffee"
4177,"Sandwich, Cold Coffee"
4178,"Noodles, Manchurian, Sprite, Falooda"
4179,"Paneer Tikka, Naan, Coke"
4180,"Sandwich, Cold Coffee"
4181,"Noodles, Manchurian, Sprite"
4182,"Samosa, Tea"
4183,"Chole Bhature, Lassi"
4184,"Hot Dog, Veg Burger, Coke"
4185,"Ice Cream, Brownie"
4186,"Biryani, Raita, Gulab Jamun"
4187,"Idli, Sambar, Filter Coffee"
4188,"Chole Bhature, Lassi"
4189,"Masala Dosa, Filter Coffee, Papad"
4190,"Paneer Tikka, Naan, Coke, Chocolate Cake"
4191,"Vada Pav, Tea, Pickle"
4192,"Burger, Fries, Coke, Orange Juice"
4193,"Ice Cream, Brownie, Lemon Soda"
4194,"Kachori, Jalebi, Tea, Curd"
4195,"Veg Fried Rice, Spring Roll, Sprite"
4196,"Pizza, Garlic Bread, Pepsi, Mineral Water"
4197,"Rasgulla, Tea"
4198,"Rasgulla, Tea"
4199,"Momos, Pepsi, Pickle"
4200,"Biryani, Raita, Gulab Jamun"
4201,"Burger, Fries, Coke"
4202,"Pasta, Garlic Bread, Coke"
4203,"Noodles, Manchurian, Sprite, Soup"
4204,"Pav Bhaji, Lassi"
4205,"Vada Pav, Tea, Fruit Salad"
4206,"Vada Pav, Tea"
4207,"Samosa, Tea, Soup"
4208,"Momos, Pepsi"
4209,"Pizza, Garlic Bread, Pepsi, Pastry"
4210,"Idli, Sambar, Filter Coffee, Mineral Water"
4211,"Hot Dog, Veg Burger, Coke"
4212,"Samosa, Tea"
4213,"Masala Dosa, Filter Coffee"
4214,"Noodles, Manchurian, Sprite"
4215,"Kachori, Jalebi, Tea"
4216,"Coffee, Brownie"
4217,"Samosa, Tea, Papad"
4218,"Kachori, Jalebi, Tea"
4219,"Paneer Tikka, Naan, Coke, Soup"
4220,"Hot Dog, Veg Burger, Coke, Mineral Water"
4221,"Samosa, Tea"
4222,"Momos, Pepsi, French Fries"
4223,"Samosa, Tea"
4224,"Pasta, Garlic Bread, Coke"
4225,"Biryani, Raita, Gulab Jamun"
4226,"Idli, Sambar, Filter Coffee, Curd"
4227,"Masala Dosa, Filter Coffee, Papad"
4228,"Pav Bhaji, Lassi, Orange Juice"
4229,"Idli, Sambar, Filter Coffee, Donut"
4230,"Sandwich, Cold Coffee"
4231,"Idli, Sambar, Filter Coffee"
4232,"Samosa, Tea"
4233,"Rasgulla, Tea"
4234,"Pav Bhaji, Lassi"
4235,"Chole Bhature, Lassi"
4236,"Kachori, Jalebi, Tea"
4237,"Samosa, Tea"
4238,"Noodles, Manchurian, Sprite"
4239,"Coffee, Brownie"
4240,"Paneer Tikka, Naan, Coke"
4241,"Sandwich, Cold Coffee"
4242,"Pizza, Garlic Bread, Pepsi"
4243,"Pizza, Garlic Bread, Pepsi"
4244,"Hot Dog, Veg Burger, Coke"
4245,"Ice Cream, Brownie, Chocolate Cake"
4246,"Pasta, Garlic Bread, Coke"
4247,"Rasgulla, Tea"
4248,"Biryani, Raita, Gulab Jamun, Muffin"
4249,"Biryani, Raita, Gulab Jamun, Muffin"
4250,"Ice Cream, Brownie"
4251,"Idli, Sambar, Filter Coffee, Orange Juice"
4252,"Vada Pav, Tea"
4253,"Chole Bhature, Lassi"
4254,"Veg Fried Rice, Spring Roll, Sprite"
4255,"Biryani, Raita, Gulab Jamun, Donut"
4256,"Veg Fried Rice, Spring Roll, Sprite"
4257,"Momos, Pepsi, Muffin"
4258,"Pizza, Garlic Bread, Pepsi"
4259,"Momos, Pepsi, Lemon Soda"
4260,"Coffee, Brownie"
4261,"Kachori, Jalebi, Tea"
4262,"Pizza, Garlic Bread, Pepsi"
4263,"Pav Bhaji, Lassi"
4264,"Momos, Pepsi, Lemon Soda"
4265,"Burger, Fries, Coke"
4266,"Paneer Tikka, Naan, Coke, Orange Juice"
4267,"Biryani, Raita, Gulab Jamun, Milkshake"
4268,"Chole Bhature, Lassi, Muffin"
4269,"Paneer Tikka, Naan, Coke"
4270,"Sandwich, Cold Coffee, Salad"
4271,"Biryani, Raita, Gulab Jamun"
4272,"Paneer Tikka, Naan, Coke, Curd"
4273,"Masala Dosa, Filter Coffee, Sweet Corn"
4274,"Momos, Pepsi"
4275,"Masala Dosa, Filter Coffee"
4276,"Paneer Tikka, Naan, Coke"
4277,"Rasgulla, Tea"
4278,"Burger, Fries, Coke"
4279,"Kachori, Jalebi, Tea, Pastry"
4280,"Coffee, Brownie"
4281,"Coffee, Brownie, Muffin"
4282,"Samosa, Tea"
4283,"Coffee, Brownie, Sweet Corn"
4284,"Sandwich, Cold Coffee"
4285,"Burger, Fries, Coke"
4286,"Samosa, Tea"
4287,"Rasgulla, Tea, Lemon Soda"
4288,"Veg Fried Rice, Spring Roll, Sprite"
4289,"Ice Cream, Brownie"
4290,"Kachori, Jalebi, Tea"
4291,"Pav Bhaji, Lassi, Lemon Soda"
4292,"Rasgulla, Tea"
4293,"Pav Bhaji, Lassi"
4294,"Burger, Fries, Coke, Curd"
4295,"Noodles, Manchurian, Sprite"
4296,"Vada Pav, Tea"
4297,"Idli, Sambar, Filter Coffee"
4298,"Pav Bhaji, Lassi"
4299,"Ice Cream, Brownie"
4300,"Coffee, Brownie, Orange Juice"
4301,"Idli, Sambar, Filter Coffee"
4302,"Masala Dosa, Filter Coffee"
4303,"Masala Dosa, Filter Coffee"
4304,"Chole Bhature, Lassi, Sweet Corn"
4305,"Pasta, Garlic Bread, Coke"
4306,"Vada Pav, Tea"
4307,"Vada Pav, Tea, French Fries"
4308,"Kachori, Jalebi, Tea"
4309,"Vada Pav, Tea"
4310,"Kachori, Jalebi, Tea"
4311,"Vada Pav, Tea"
4312,"Noodles, Manchurian, Sprite"
4313,"Pizza, Garlic Bread, Pepsi"
4314,"Paneer Tikka, Naan, Coke, Muffin"
4315,"Ice Cream, Brownie"
4316,"Veg Fried Rice, Spring Roll, Sprite"
4317,"Vada Pav, Tea"
4318,"Idli, Sambar, Filter Coffee"
4319,"Chole Bhature, Lassi, Papad"
4320,"Hot Dog, Veg Burger, Coke"
4321,"Sandwich, Cold Coffee"
4322,"Sandwich, Cold Coffee, Sweet Corn"
4323,"Hot Dog, Veg Burger, Coke, Sweet Corn"
4324,"Pizza, Garlic Bread, Pepsi, Pastry"
4325,"Pav Bhaji, Lassi"
4326,"Noodles, Manchurian, Sprite"
4327,"Kachori, Jalebi, Tea, Orange Juice"
4328,"Rasgulla, Tea"
4329,"Hot Dog, Veg Burger, Coke"
4330,"Chole Bhature, Lassi, Soup"
4331,"Pizza, Garlic Bread, Pepsi"
4332,"Rasgulla, Tea"
4333,"Chole Bhature, Lassi"
4334,"Masala Dosa, Filter Coffee"
4335,"Coffee, Brownie"
4336,"Paneer Tikka, Naan, Coke, Pastry"
4337,"Noodles, Manchurian, Sprite, Soup"
4338,"Sandwich, Cold Coffee"
4339,"Masala Dosa, Filter Coffee"
4340,"Veg Fried Rice, Spring Roll, Sprite, French Fries"
4341,"Paneer Tikka, Naan, Coke, Pastry"
4342,"Burger, Fries, Coke"
4343,"Ice Cream, Brownie"
4344,"Biryani, Raita, Gulab Jamun"
4345,"Burger, Fries, Coke"
4346,"Samosa, Tea"
4347,"Pav Bhaji, Lassi, Falooda"
4348,"Pasta, Garlic Bread, Coke, Falooda"
4349,"Chole Bhature, Lassi"
4350,"Pizza, Garlic Bread, Pepsi, Pastry"
4351,"Burger, Fries, Coke"
4352,"Rasgulla, Tea"
4353,"Vada Pav, Tea"
4354,"Kachori, Jalebi, Tea, Pastry"
4355,"Pasta, Garlic Bread, Coke, Orange Juice"
4356,"Biryani, Raita, Gulab Jamun, Papad"
4357,"Veg Fried Rice, Spring Roll, Sprite"
4358,"Momos, Pepsi"
4359,"Paneer Tikka, Naan, Coke, Mineral Water"
4360,"Veg Fried Rice, Spring Roll, Sprite"
4361,"Chole Bhature, Lassi"
4362,"Idli, Sambar, Filter Coffee"
4363,"Masala Dosa, Filter Coffee, Orange Juice"
4364,"Rasgulla, Tea"
4365,"Pizza, Garlic Bread, Pepsi, Pickle"
4366,"Pav Bhaji, Lassi"
4367,"Kachori, Jalebi, Tea"
4368,"Burger, Fries, Coke, Milkshake"
4369,"Vada Pav, Tea, French Fries"
4370,"Ice Cream, Brownie, Fruit Salad"
4371,"Samosa, Tea, Papad"
4372,"Vada Pav, Tea"
4373,"Burger, Fries, Coke, Falooda"
4374,"Biryani, Raita, Gulab Jamun"
4375,"Samosa, Tea, Donut"
4376,"Veg Fried Rice, Spring Roll, Sprite"
4377,"Pav Bhaji, Lassi"
4378,"Pasta, Garlic Bread, Coke"
4379,"Momos, Pepsi"
4380,"Chole Bhature, Lassi"
4381,"Sandwich, Cold Coffee, Milkshake"
4382,"Chole Bhature, Lassi, Curd"
4383,"Masala Dosa, Filter Coffee"
4384,"Momos, Pepsi"
4385,"Idli, Sambar, Filter Coffee"
4386,"Sandwich, Cold Coffee"
4387,"Kachori, Jalebi, Tea, Soup"
4388,"Paneer Tikka, Naan, Coke, Papad"
4389,"Pav Bhaji, Lassi"
4390,"Biryani, Raita, Gulab Jamun"
4391,"Pizza, Garlic Bread, Pepsi"
4392,"Sandwich, Cold Coffee"
4393,"Pasta, Garlic Bread, Coke"
4394,"Noodles, Manchurian, Sprite"
4395,"Burger, Fries, Coke, Pickle"
4396,"Paneer Tikka, Naan, Coke"
4397,"Pav Bhaji, Lassi, Lemon Soda"
4398,"Pav Bhaji, Lassi"
4399,"Coffee, Brownie, Pickle"
4400,"Burger, Fries, Coke"
4401,"Veg Fried Rice, Spring Roll, Sprite"
4402,"Coffee, Brownie"
4403,"Ice Cream, Brownie, Curd"
4404,"Kachori, Jalebi, Tea, Lemon Soda"
4405,"Vada Pav, Tea"
4406,"Kachori, Jalebi, Tea"
4407,"Biryani, Raita, Gulab Jamun"
4408,"Paneer Tikka, Naan, Coke"
4409,"Paneer Tikka, Naan, Coke, Pickle"
4410,"Veg Fried Rice, Spring Roll, Sprite, Donut"
4411,"Momos, Pepsi, Milkshake"
4412,"Paneer Tikka, Naan, Coke, Muffin"
4413,"Masala Dosa, Filter Coffee"
4414,"Rasgulla, Tea"
4415,"Rasgulla, Tea, French Fries"
4416,"Rasgulla, Tea"
4417,"Idli, Sambar, Filter Coffee, Soup"
4418,"Pizza, Garlic Bread, Pepsi"
4419,"Noodles, Manchurian, Sprite, French Fries"
4420,"Biryani, Raita, Gulab Jamun"
4421,"Paneer Tikka, Naan, Coke"
4422,"Sandwich, Cold Coffee, Papad"
4423,"Chole Bhature, Lassi, Pickle"
4424,"Momos, Pepsi"
4425,"Chole Bhature, Lassi, Muffin"
4426,"Momos, Pepsi"
4427,"Vada Pav, Tea"
4428,"Kachori, Jalebi, Tea, Falooda"
4429,"Pizza, Garlic Bread, Pepsi"
4430,"Samosa, Tea, Pickle"
4431,"Paneer Tikka, Naan, Coke, Mineral Water"
4432,"Veg Fried Rice, Spring Roll, Sprite"
4433,"Pav Bhaji, Lassi"
4434,"Ice Cream, Brownie"
4435,"Pizza, Garlic Bread, Pepsi, Salad"
4436,"Vada Pav, Tea, Curd"
4437,"Biryani, Raita, Gulab Jamun, Soup"
4438,"Sandwich, Cold Coffee"
4439,"Samosa, Tea"
4440,"Vada Pav, Tea, Pastry"
4441,"Rasgulla, Tea"
4442,"Paneer Tikka, Naan, Coke"
4443,"Vada Pav, Tea"
4444,"Hot Dog, Veg Burger, Coke"
4445,"Momos, Pepsi"
4446,"Coffee, Brownie"
4447,"Momos, Pepsi, Milkshake"
4448,"Pasta, Garlic Bread, Coke"
4449,"Pav Bhaji, Lassi"
4450,"Hot Dog, Veg Burger, Coke"
4451,"Veg Fried Rice, Spring Roll, Sprite"
4452,"Biryani, Raita, Gulab Jamun"
4453,"Pizza, Garlic Bread, Pepsi, Lemon Soda"
4454,"Idli, Sambar, Filter Coffee"
4455,"Veg Fried Rice, Spring Roll, Sprite"
4456,"Coffee, Brownie, Fruit Salad"
4457,"Noodles, Manchurian, Sprite"
4458,"Pasta, Garlic Bread, Coke"
4459,"Samosa, Tea"
4460,"Vada Pav, Tea"
4461,"Hot Dog, Veg Burger, Coke"
4462,"Chole Bhature, Lassi"
4463,"Kachori, Jalebi, Tea"
4464,"Chole Bhature, Lassi, Milkshake"
4465,"Paneer Tikka, Naan, Coke, Curd"
4466,"Rasgulla, Tea"
4467,"Samosa, Tea"
4468,"Vada Pav, Tea"
4469,"Hot Dog, Veg Burger, Coke, Muffin"
4470,"Masala Dosa, Filter Coffee, Donut"
4471,"Noodles, Manchurian, Sprite"
4472,"Sandwich, Cold Coffee, Mineral Water"
4473,"Pav Bhaji, Lassi"
4474,"Samosa, Tea"
4475,"Paneer Tikka, Naan, Coke"
4476,"Pizza, Garlic Bread, Pepsi"
4477,"Pav Bhaji, Lassi, Soup"
4478,"Paneer Tikka, Naan, Coke, Lemon Soda"
4479,"Chole Bhature, Lassi, Milkshake"
4480,"Noodles, Manchurian, Sprite"
4481,"Noodles, Manchurian, Sprite"
4482,"Pizza, Garlic Bread, Pepsi"
4483,"Vada Pav, Tea, Salad"
4484,"Pizza, Garlic Bread, Pepsi"
4485,"Hot Dog, Veg Burger, Coke, Chocolate Cake"
4486,"Sandwich, Cold Coffee, Soup"
4487,"Chole Bhature, Lassi"
4488,"Hot Dog, Veg Burger, Coke"
4489,"Sandwich, Cold Coffee"
4490,"Masala Dosa, Filter Coffee"
4491,"Pav Bhaji, Lassi"
4492,"Kachori, Jalebi, Tea, French Fries"
4493,"Vada Pav, Tea, Donut"
4494,"Pasta, Garlic Bread, Coke"
4495,"Hot Dog, Veg Burger, Coke, Mineral Water"
4496,"Masala Dosa, Filter Coffee, Muffin"
4497,"Samosa, Tea"
4498,"Momos, Pepsi"
4499,"Burger, Fries, Coke, Milkshake"
4500,"Biryani, Raita, Gulab Jamun, French Fries"
4501,"Kachori, Jalebi, Tea"
4502,"Momos, Pepsi"
4503,"Momos, Pepsi"
4504,"Momos, Pepsi, French Fries"
4505,"Rasgulla, Tea"
4506,"Pasta, Garlic Bread, Coke"
4507,"Noodles, Manchurian, Sprite"
4508,"Samosa, Tea"
4509,"Vada Pav, Tea, Pickle"
4510,"Idli, Sambar, Filter Coffee"
4511,"Pav Bhaji, Lassi"
4512,"Sandwich, Cold Coffee"
4513,"Sandwich, Cold Coffee"
4514,"Burger, Fries, Coke"
4515,"Pasta, Garlic Bread, Coke"
4516,"Noodles, Manchurian, Sprite"
4517,"Kachori, Jalebi, Tea"
4518,"Sandwich, Cold Coffee"
4519,"Burger, Fries, Coke, Sweet Corn"
4520,"Hot Dog, Veg Burger, Coke"
4521,"Samosa, Tea"
4522,"Burger, Fries, Coke, Sweet Corn"
4523,"Pav Bhaji, Lassi, Mineral Water"
4524,"Veg Fried Rice, Spring Roll, Sprite"
4525,"Chole Bhature, Lassi"
4526,"Sandwich, Cold Coffee"
4527,"Ice Cream, Brownie"
4528,"Idli, Sambar, Filter Coffee"
4529,"Noodles, Manchurian, Sprite, Papad"
4530,"Coffee, Brownie"
4531,"Paneer Tikka, Naan, Coke"
4532,"Sandwich, Cold Coffee, Salad"
4533,"Rasgulla, Tea"
4534,"Coffee, Brownie"
4535,"Vada Pav, Tea"
4536,"Idli, Sambar, Filter Coffee"
4537,"Pav Bhaji, Lassi, French Fries"
4538,"Momos, Pepsi"
4539,"Samosa, Tea"
4540,"Samosa, Tea"
4541,"Pasta, Garlic Bread, Coke"
4542,"Masala Dosa, Filter Coffee, Curd"
4543,"Biryani, Raita, Gulab Jamun"
4544,"Burger, Fries, Coke"
4545,"Veg Fried Rice, Spring Roll, Sprite, Chocolate Cake"
4546,"Pizza, Garlic Bread, Pepsi"
4547,"Burger, Fries, Coke"
4548,"Burger, Fries, Coke, Pastry"
4549,"Pav Bhaji, Lassi"
4550,"Noodles, Manchurian, Sprite"
4551,"Ice Cream, Brownie, Mineral Water"
4552,"Sandwich, Cold Coffee, Lemon Soda"
4553,"Paneer Tikka, Naan, Coke"
4554,"Biryani, Raita, Gulab Jamun, Salad"
4555,"Momos, Pepsi"
4556,"Hot Dog, Veg Burger, Coke"
4557,"Chole Bhature, Lassi"
4558,"Vada Pav, Tea"
4559,"Pasta, Garlic Bread, Coke"
4560,"Masala Dosa, Filter Coffee"
4561,"Coffee, Brownie"
4562,"Samosa, Tea"
4563,"Veg Fried Rice, Spring Roll, Sprite, Sweet Corn"
4564,"Ice Cream, Brownie, Curd"
4565,"Biryani, Raita, Gulab Jamun, Muffin"
4566,"Ice Cream, Brownie, Sweet Corn"
4567,"Vada Pav, Tea, Muffin"
4568,"Coffee, Brownie"
4569,"Pav Bhaji, Lassi"
4570,"Paneer Tikka, Naan, Coke"
4571,"Paneer Tikka, Naan, Coke"
4572,"Ice Cream, Brownie, Sweet Corn"
4573,"Biryani, Raita, Gulab Jamun"
4574,"Kachori, Jalebi, Tea"
4575,"Hot Dog, Veg Burger, Coke"
4576,"Pav Bhaji, Lassi, Curd"
4577,"Pizza, Garlic Bread, Pepsi"
4578,"Chole Bhature, Lassi, French Fries"
4579,"Idli, Sambar, Filter Coffee"
4580,"Noodles, Manchurian, Sprite"
4581,"Pizza, Garlic Bread, Pepsi, Milkshake"
4582,"Vada Pav, Tea, Chocolate Cake"
4583,"Pasta, Garlic Bread, Coke"
4584,"Coffee, Brownie"
4585,"Vada Pav, Tea"
4586,"Noodles, Manchurian, Sprite"
4587,"Pizza, Garlic Bread, Pepsi"
4588,"Noodles, Manchurian, Sprite, Donut"
4589,"Samosa, Tea, Pastry"
4590,"Pasta, Garlic Bread, Coke"
4591,"Burger, Fries, Coke"
4592,"Kachori, Jalebi, Tea"
4593,"Vada Pav, Tea, Pastry"
4594,"Kachori, Jalebi, Tea"
4595,"Noodles, Manchurian, Sprite, Lemon Soda"
4596,"Vada Pav, Tea"
4597,"Noodles, Manchurian, Sprite"
4598,"Pizza, Garlic Bread, Pepsi"
4599,"Pasta, Garlic Bread, Coke"
4600,"Masala Dosa, Filter Coffee"
4601,"Ice Cream, Brownie, Muffin"
4602,"Kachori, Jalebi, Tea, Pastry"
4603,"Burger, Fries, Coke, Falooda"
4604,"Masala Dosa, Filter Coffee"
4605,"Ice Cream, Brownie, Donut"
4606,"Pasta, Garlic Bread, Coke, Chocolate Cake"
4607,"Rasgulla, Tea"
4608,"Sandwich, Cold Coffee"
4609,"Vada Pav, Tea"
4610,"Paneer Tikka, Naan, Coke, Curd"
4611,"Idli, Sambar, Filter Coffee, Soup"
4612,"Burger, Fries, Coke"
4613,"Pizza, Garlic Bread, Pepsi"
4614,"Kachori, Jalebi, Tea"
4615,"Pav Bhaji, Lassi"
4616,"Idli, Sambar, Filter Coffee"
4617,"Idli, Sambar, Filter Coffee, Orange Juice"
4618,"Pav Bhaji, Lassi"
4619,"Noodles, Manchurian, Sprite, Fruit Salad"
4620,"Chole Bhature, Lassi"
4621,"Masala Dosa, Filter Coffee"
4622,"Pav Bhaji, Lassi"
4623,"Rasgulla, Tea, Pastry"
4624,"Sandwich, Cold Coffee"
4625,"Pasta, Garlic Bread, Coke"
4626,"Biryani, Raita, Gulab Jamun"
4627,"Momos, Pepsi"
4628,"Momos, Pepsi"
4629,"Masala Dosa, Filter Coffee"
4630,"Noodles, Manchurian, Sprite"
4631,"Noodles, Manchurian, Sprite, Pickle"
4632,"Rasgulla, Tea"
4633,"Pav Bhaji, Lassi"
4634,"Chole Bhature, Lassi, French Fries"
4635,"Masala Dosa, Filter Coffee, Chocolate Cake"
4636,"Momos, Pepsi"
4637,"Momos, Pepsi, Falooda"
4638,"Hot Dog, Veg Burger, Coke, Orange Juice"
4639,"Chole Bhature, Lassi"
4640,"Paneer Tikka, Naan, Coke"
4641,"Pizza, Garlic Bread, Pepsi"
4642,"Vada Pav, Tea, Mineral Water"
4643,"Idli, Sambar, Filter Coffee"
4644,"Kachori, Jalebi, Tea"
4645,"Burger, Fries, Coke"
4646,"Coffee, Brownie, Muffin"
4647,"Chole Bhature, Lassi, Lemon Soda"
4648,"Veg Fried Rice, Spring Roll, Sprite, Muffin"
4649,"Pasta, Garlic Bread, Coke, Orange Juice"
4650,"Paneer Tikka, Naan, Coke"
4651,"Veg Fried Rice, Spring Roll, Sprite, French Fries"
4652,"Vada Pav, Tea, Pastry"
4653,"Burger, Fries, Coke"
4654,"Paneer Tikka, Naan, Coke"
4655,"Biryani, Raita, Gulab Jamun, Fruit Salad"
4656,"Momos, Pepsi, Lemon Soda"
4657,"Rasgulla, Tea"
4658,"Noodles, Manchurian, Sprite"
4659,"Kachori, Jalebi, Tea"
4660,"Samosa, Tea"
4661,"Idli, Sambar, Filter Coffee"
4662,"Chole Bhature, Lassi"
4663,"Rasgulla, Tea, Fruit Salad"
4664,"Pasta, Garlic Bread, Coke, Donut"
4665,"Hot Dog, Veg Burger, Coke, Pickle"
4666,"Burger, Fries, Coke, Curd"
4667,"Sandwich, Cold Coffee"
4668,"Pav Bhaji, Lassi, Orange Juice"
4669,"Pasta, Garlic Bread, Coke, Falooda"
4670,"Noodles, Manchurian, Sprite"
4671,"Noodles, Manchurian, Sprite, Salad"
4672,"Ice Cream, Brownie"
4673,"Vada Pav, Tea"
4674,"Sandwich, Cold Coffee"
4675,"Pizza, Garlic Bread, Pepsi, Milkshake"
4676,"Veg Fried Rice, Spring Roll, Sprite, Salad"
4677,"Samosa, Tea, Pickle"
4678,"Pizza, Garlic Bread, Pepsi, Mineral Water"
4679,"Rasgulla, Tea"
4680,"Pizza, Garlic Bread, Pepsi, Mineral Water"
4681,"Paneer Tikka, Naan, Coke"
4682,"Kachori, Jalebi, Tea"
4683,"Ice Cream, Brownie"
4684,"Samosa, Tea, Salad"
4685,"Vada Pav, Tea, Fruit Salad"
4686,"Hot Dog, Veg Burger, Coke"
4687,"Paneer Tikka, Naan, Coke"
4688,"Hot Dog, Veg Burger, Coke, Salad"
4689,"Burger, Fries, Coke"
4690,"Veg Fried Rice, Spring Roll, Sprite"
4691,"Chole Bhature, Lassi"
4692,"Burger, Fries, Coke"
4693,"Pizza, Garlic Bread, Pepsi"
4694,"Chole Bhature, Lassi"
4695,"Paneer Tikka, Naan, Coke"
4696,"Ice Cream, Brownie, Muffin"
4697,"Vada Pav, Tea"
4698,"Pav Bhaji, Lassi"
4699,"Coffee, Brownie"
4700,"Pizza, Garlic Bread, Pepsi, Mineral Water"
4701,"Rasgulla, Tea, Sweet Corn"
4702,"Ice Cream, Brownie"
4703,"Burger, Fries, Coke"
4704,"Hot Dog, Veg Burger, Coke"
4705,"Biryani, Raita, Gulab Jamun, Muffin"
4706,"Masala Dosa, Filter Coffee, Pickle"
4707,"Pav Bhaji, Lassi"
4708,"Hot Dog, Veg Burger, Coke"
4709,"Samosa, Tea"
4710,"Momos, Pepsi"
4711,"Biryani, Raita, Gulab Jamun, Lemon Soda"
4712,"Momos, Pepsi"
4713,"Pav Bhaji, Lassi"
4714,"Hot Dog, Veg Burger, Coke"
4715,"Pasta, Garlic Bread, Coke"
4716,"Ice Cream, Brownie, Falooda"
4717,"Noodles, Manchurian, Sprite"
4718,"Coffee, Brownie"
4719,"Noodles, Manchurian, Sprite, Papad"
4720,"Paneer Tikka, Naan, Coke"
4721,"Kachori, Jalebi, Tea"
4722,"Biryani, Raita, Gulab Jamun, Pastry"
4723,"Noodles, Manchurian, Sprite, Lemon Soda"
4724,"Vada Pav, Tea"
4725,"Samosa, Tea, Falooda"
4726,"Idli, Sambar, Filter Coffee"
4727,"Idli, Sambar, Filter Coffee"
4728,"Burger, Fries, Coke"
4729,"Pizza, Garlic Bread, Pepsi, Soup"
4730,"Pasta, Garlic Bread, Coke"
4731,"Biryani, Raita, Gulab Jamun, Soup"
4732,"Momos, Pepsi, Soup"
4733,"Chole Bhature, Lassi"
4734,"Hot Dog, Veg Burger, Coke, Orange Juice"
4735,"Paneer Tikka, Naan, Coke"
4736,"Pasta, Garlic Bread, Coke, Papad"
4737,"Burger, Fries, Coke"
4738,"Coffee, Brownie"
4739,"Sandwich, Cold Coffee"
4740,"Rasgulla, Tea, French Fries"
4741,"Coffee, Brownie"
4742,"Kachori, Jalebi, Tea"
4743,"Paneer Tikka, Naan, Coke"
4744,"Pizza, Garlic Bread, Pepsi"
4745,"Ice Cream, Brownie"
4746,"Pasta, Garlic Bread, Coke"
4747,"Ice Cream, Brownie"
4748,"Rasgulla, Tea"
4749,"Noodles, Manchurian, Sprite, Soup"
4750,"Idli, Sambar, Filter Coffee"
4751,"Hot Dog, Veg Burger, Coke, French Fries"
4752,"Sandwich, Cold Coffee"
4753,"Sandwich, Cold Coffee, Falooda"
4754,"Ice Cream, Brownie, Soup"
4755,"Pizza, Garlic Bread, Pepsi"
4756,"Pav Bhaji, Lassi, Milkshake"
4757,"Kachori, Jalebi, Tea, Curd"
4758,"Rasgulla, Tea"
4759,"Sandwich, Cold Coffee"
4760,"Idli, Sambar, Filter Coffee"
4761,"Idli, Sambar, Filter Coffee, Salad"
4762,"Pav Bhaji, Lassi"
4763,"Ice Cream, Brownie, Salad"
4764,"Rasgulla, Tea"
4765,"Sandwich, Cold Coffee"
4766,"Ice Cream, Brownie, Mineral Water"
4767,"Idli, Sambar, Filter Coffee, Milkshake"
4768,"Sandwich, Cold Coffee"
4769,"Samosa, Tea, Orange Juice"
4770,"Samosa, Tea"
4771,"Pizza, Garlic Bread, Pepsi, Salad"
4772,"Masala Dosa, Filter Coffee"
4773,"Idli, Sambar, Filter Coffee"
4774,"Pizza, Garlic Bread, Pepsi"
4775,"Hot Dog, Veg Burger, Coke, Milkshake"
4776,"Sandwich, Cold Coffee, Papad"
4777,"Ice Cream, Brownie"
4778,"Kachori, Jalebi, Tea, Chocolate Cake"
4779,"Biryani, Raita, Gulab Jamun"
4780,"Vada Pav, Tea"
4781,"Hot Dog, Veg Burger, Coke, Papad"
4782,"Paneer Tikka, Naan, Coke, Sweet Corn"
4783,"Pasta, Garlic Bread, Coke, Pickle"
4784,"Kachori, Jalebi, Tea"
4785,"Coffee, Brownie"
4786,"Pav Bhaji, Lassi"
4787,"Pasta, Garlic Bread, Coke"
4788,"Masala Dosa, Filter Coffee"
4789,"Pasta, Garlic Bread, Coke"
4790,"Rasgulla, Tea, Lemon Soda"
4791,"Coffee, Brownie"
4792,"Noodles, Manchurian, Sprite"
4793,"Pav Bhaji, Lassi"
4794,"Chole Bhature, Lassi"
4795,"Pizza, Garlic Bread, Pepsi"
4796,"Samosa, Tea"
4797,"Biryani, Raita, Gulab Jamun"
4798,"Hot Dog, Veg Burger, Coke"
4799,"Rasgulla, Tea"
4800,"Paneer Tikka, Naan, Coke"
4801,"Vada Pav, Tea"
4802,"Noodles, Manchurian, Sprite"
4803,"Kachori, Jalebi, Tea"
4804,"Noodles, Manchurian, Sprite"
4805,"Coffee, Brownie, Curd"
4806,"Hot Dog, Veg Burger, Coke, Papad"
4807,"Hot Dog, Veg Burger, Coke"
4808,"Vada Pav, Tea"
4809,"Idli, Sambar, Filter Coffee"
4810,"Paneer Tikka, Naan, Coke"
4811,"Pav Bhaji, Lassi"
4812,"Biryani, Raita, Gulab Jamun"
4813,"Momos, Pepsi"
4814,"Idli, Sambar, Filter Coffee"
4815,"Hot Dog, Veg Burger, Coke"
4816,"Samosa, Tea"
4817,"Hot Dog, Veg Burger, Coke"
4818,"Paneer Tikka, Naan, Coke"
4819,"Samosa, Tea"
4820,"Pasta, Garlic Bread, Coke, Chocolate Cake"
4821,"Biryani, Raita, Gulab Jamun"
4822,"Noodles, Manchurian, Sprite"
4823,"Rasgulla, Tea"
4824,"Veg Fried Rice, Spring Roll, Sprite"
4825,"Idli, Sambar, Filter Coffee, Chocolate Cake"
4826,"Paneer Tikka, Naan, Coke, Donut"
4827,"Vada Pav, Tea, Salad"
4828,"Paneer Tikka, Naan, Coke, Orange Juice"
4829,"Biryani, Raita, Gulab Jamun, Fruit Salad"
4830,"Chole Bhature, Lassi"
4831,"Pav Bhaji, Lassi, Falooda"
4832,"Pasta, Garlic Bread, Coke, Pickle"
4833,"Rasgulla, Tea"
4834,"Vada Pav, Tea"
4835,"Pizza, Garlic Bread, Pepsi, Papad"
4836,"Idli, Sambar, Filter Coffee"
4837,"Idli, Sambar, Filter Coffee"
4838,"Paneer Tikka, Naan, Coke, Donut"
4839,"Samosa, Tea"
4840,"Rasgulla, Tea"
4841,"Noodles, Manchurian, Sprite, French Fries"
4842,"Rasgulla, Tea"
4843,"Idli, Sambar, Filter Coffee"
4844,"Idli, Sambar, Filter Coffee, Milkshake"
4845,"Vada Pav, Tea, Donut"
4846,"Coffee, Brownie, Fruit Salad"
4847,"Noodles, Manchurian, Sprite"
4848,"Paneer Tikka, Naan, Coke, Soup"
4849,"Coffee, Brownie"
4850,"Samosa, Tea, Lemon Soda"
4851,"Paneer Tikka, Naan, Coke"
4852,"Rasgulla, Tea"
4853,"Coffee, Brownie, Curd"
4854,"Masala Dosa, Filter Coffee, Milkshake"
4855,"Momos, Pepsi"
4856,"Masala Dosa, Filter Coffee, Milkshake"
4857,"Kachori, Jalebi, Tea"
4858,"Hot Dog, Veg Burger, Coke"
4859,"Samosa, Tea, Fruit Salad"
4860,"Masala Dosa, Filter Coffee, Salad"
4861,"Ice Cream, Brownie"
4862,"Veg Fried Rice, Spring Roll, Sprite, French Fries"
4863,"Pav Bhaji, Lassi, Sweet Corn"
4864,"Idli, Sambar, Filter Coffee"
4865,"Idli, Sambar, Filter Coffee, Chocolate Cake"
4866,"Vada Pav, Tea"
4867,"Paneer Tikka, Naan, Coke"
4868,"Biryani, Raita, Gulab Jamun"
4869,"Sandwich, Cold Coffee"
4870,"Vada Pav, Tea"
4871,"Biryani, Raita, Gulab Jamun"
4872,"Hot Dog, Veg Burger, Coke"
4873,"Coffee, Brownie, Pickle"
4874,"Sandwich, Cold Coffee"
4875,"Noodles, Manchurian, Sprite"
4876,"Biryani, Raita, Gulab Jamun"
4877,"Coffee, Brownie"
4878,"Pizza, Garlic Bread, Pepsi"
4879,"Noodles, Manchurian, Sprite, Salad"
4880,"Burger, Fries, Coke, Soup"
4881,"Hot Dog, Veg Burger, Coke"
4882,"Sandwich, Cold Coffee"
4883,"Momos, Pepsi"
4884,"Momos, Pepsi, Lemon Soda"
4885,"Biryani, Raita, Gulab Jamun"
4886,"Veg Fried Rice, Spring Roll, Sprite, Mineral Water"
4887,"Momos, Pepsi"
4888,"Veg Fried Rice, Spring Roll, Sprite"
4889,"Pizza, Garlic Bread, Pepsi"
4890,"Sandwich, Cold Coffee"
4891,"Rasgulla, Tea, Papad"
4892,"Momos, Pepsi"
4893,"Masala Dosa, Filter Coffee"
4894,"Hot Dog, Veg Burger, Coke"
4895,"Momos, Pepsi"
4896,"Chole Bhature, Lassi"
4897,"Ice Cream, Brownie"
4898,"Vada Pav, Tea, Curd"
4899,"Paneer Tikka, Naan, Coke"
4900,"Coffee, Brownie, Sweet Corn"
4901,"Vada Pav, Tea, Pickle"
4902,"Vada Pav, Tea, Soup"
4903,"Samosa, Tea"
4904,"Momos, Pepsi"
4905,"Momos, Pepsi"
4906,"Hot Dog, Veg Burger, Coke, Milkshake"
4907,"Noodles, Manchurian, Sprite, Sweet Corn"
4908,"Pizza, Garlic Bread, Pepsi"
4909,"Coffee, Brownie, Pickle"
4910,"Paneer Tikka, Naan, Coke"
4911,"Idli, Sambar, Filter Coffee"
4912,"Sandwich, Cold Coffee"
4913,"Sandwich, Cold Coffee"
4914,"Hot Dog, Veg Burger, Coke, Salad"
4915,"Pasta, Garlic Bread, Coke"
4916,"Hot Dog, Veg Burger, Coke"
4917,"Masala Dosa, Filter Coffee"
4918,"Vada Pav, Tea"
4919,"Kachori, Jalebi, Tea"
4920,"Samosa, Tea"
4921,"Burger, Fries, Coke"
4922,"Burger, Fries, Coke"
4923,"Biryani, Raita, Gulab Jamun"
4924,"Coffee, Brownie"
4925,"Ice Cream, Brownie, Salad"
4926,"Noodles, Manchurian, Sprite, Lemon Soda"
4927,"Masala Dosa, Filter Coffee"
4928,"Chole Bhature, Lassi"
4929,"Hot Dog, Veg Burger, Coke, Orange Juice"
4930,"Pav Bhaji, Lassi, Lemon Soda"
4931,"Ice Cream, Brownie"
4932,"Burger, Fries, Coke, French Fries"
4933,"Noodles, Manchurian, Sprite, Soup"
4934,"Momos, Pepsi, Curd"
4935,"Pasta, Garlic Bread, Coke, Falooda"
4936,"Pizza, Garlic Bread, Pepsi, Chocolate Cake"
4937,"Chole Bhature, Lassi"
4938,"Samosa, Tea"
4939,"Sandwich, Cold Coffee"
4940,"Biryani, Raita, Gulab Jamun, Sweet Corn"
4941,"Burger, Fries, Coke, Pastry"
4942,"Vada Pav, Tea"
4943,"Chole Bhature, Lassi, Curd"
4944,"Coffee, Brownie"
4945,"Burger, Fries, Coke, Muffin"
4946,"Veg Fried Rice, Spring Roll, Sprite, Donut"
4947,"Chole Bhature, Lassi, Mineral Water"
4948,"Hot Dog, Veg Burger, Coke"
4949,"Ice Cream, Brownie, Curd"
4950,"Ice Cream, Brownie"
4951,"Chole Bhature, Lassi, Donut"
4952,"Chole Bhature, Lassi"
4953,"Ice Cream, Brownie"
4954,"Idli, Sambar, Filter Coffee, French Fries"
4955,"Chole Bhature, Lassi"
4956,"Idli, Sambar, Filter Coffee"
4957,"Rasgulla, Tea, Curd"
4958,"Coffee, Brownie, Mineral Water"
4959,"Vada Pav, Tea"
4960,"Veg Fried Rice, Spring Roll, Sprite"
4961,"Momos, Pepsi"
4962,"Biryani, Raita, Gulab Jamun, Donut"
4963,"Noodles, Manchurian, Sprite"
4964,"Rasgulla, Tea"
4965,"Pizza, Garlic Bread, Pepsi"
4966,"Sandwich, Cold Coffee"
4967,"Coffee, Brownie"
4968,"Pizza, Garlic Bread, Pepsi, Sweet Corn"
4969,"Burger, Fries, Coke, Lemon Soda"
4970,"Ice Cream, Brownie"
4971,"Ice Cream, Brownie"
4972,"Hot Dog, Veg Burger, Coke, Donut"
4973,"Noodles, Manchurian, Sprite"
4974,"Biryani, Raita, Gulab Jamun"
4975,"Paneer Tikka, Naan, Coke"
4976,"Chole Bhature, Lassi, French Fries"
4977,"Masala Dosa, Filter Coffee"
4978,"Vada Pav, Tea, Muffin"
4979,"Vada Pav, Tea, Sweet Corn"
4980,"Momos, Pepsi, Fruit Salad"
4981,"Momos, Pepsi, Sweet Corn"
4982,"Chole Bhature, Lassi, Chocolate Cake"
4983,"Paneer Tikka, Naan, Coke"
4984,"Sandwich, Cold Coffee"
4985,"Kachori, Jalebi, Tea"
4986,"Rasgulla, Tea"
4987,"Samosa, Tea, Lemon Soda"
4988,"Kachori, Jalebi, Tea"
4989,"Pav Bhaji, Lassi"
4990,"Sandwich, Cold Coffee"
4991,"Veg Fried Rice, Spring Roll, Sprite"
4992,"Samosa, Tea, Donut"
4993,"Burger, Fries, Coke, Orange Juice"
4994,"Samosa, Tea"
4995,"Burger, Fries, Coke, Lemon Soda"
4996,"Veg Fried Rice, Spring Roll, Sprite"
4997,"Ice Cream, Brownie"
4998,"Vada Pav, Tea, Muffin"
4999,"Kachori, Jalebi, Tea, Papad"
5000,"Ice Cream, Brownie"
